-- phpMyAdmin SQL Dump
-- version 4.9.1
-- https://www.phpmyadmin.net/
--
-- Host: 127.0.0.1
-- Gegenereerd op: 05 apr 2020 om 20:25
-- Serverversie: 10.4.8-MariaDB
-- PHP-versie: 7.3.11

SET SQL_MODE = "NO_AUTO_VALUE_ON_ZERO";
SET AUTOCOMMIT = 0;
START TRANSACTION;
SET time_zone = "+00:00";


/*!40101 SET @OLD_CHARACTER_SET_CLIENT=@@CHARACTER_SET_CLIENT */;
/*!40101 SET @OLD_CHARACTER_SET_RESULTS=@@CHARACTER_SET_RESULTS */;
/*!40101 SET @OLD_COLLATION_CONNECTION=@@COLLATION_CONNECTION */;
/*!40101 SET NAMES utf8mb4 */;

--
-- Database: `dataprocessing`
--

-- --------------------------------------------------------

--
-- Tabelstructuur voor tabel `hapinness`
--

CREATE TABLE `hapinness` (
  `Rank` int(11) DEFAULT NULL,
  `Country` varchar(24) DEFAULT NULL,
  `Score` float DEFAULT NULL,
  `GDP_per_capita` float DEFAULT NULL,
  `Social_support` float DEFAULT NULL,
  `Healthy_life_expectancy` float DEFAULT NULL,
  `Freedom_to_make_life_choices` float DEFAULT NULL,
  `Generosity` float DEFAULT NULL,
  `Perceptions of corruption` float DEFAULT NULL
) ENGINE=InnoDB DEFAULT CHARSET=utf8;

--
-- Gegevens worden geëxporteerd voor tabel `hapinness`
--

INSERT INTO `hapinness` (`Rank`, `Country`, `Score`, `GDP_per_capita`, `Social_support`, `Healthy_life_expectancy`, `Freedom_to_make_life_choices`, `Generosity`, `Perceptions of corruption`) VALUES
(1, 'Finland', 7.769, 1.34, 1.587, 0.986, 0.596, 0.153, 0.393),
(2, 'Denmark', 7.6, 1.383, 1.573, 0.996, 0.592, 0.252, 0.41),
(3, 'Norway', 7.554, 1.488, 1.582, 1.028, 0.603, 0.271, 0.341),
(4, 'Iceland', 7.494, 1.38, 1.624, 1.026, 0.591, 0.354, 0.118),
(5, 'Netherlands', 7.488, 1.396, 1.522, 0.999, 0.557, 0.322, 0.298),
(6, 'Switzerland', 7.48, 1.452, 1.526, 1.052, 0.572, 0.263, 0.343),
(7, 'Sweden', 7.343, 1.387, 1.487, 1.009, 0.574, 0.267, 0.373),
(8, 'New Zealand', 7.307, 1.303, 1.557, 1.026, 0.585, 0.33, 0.38),
(9, 'Canada', 7.278, 1.365, 1.505, 1.039, 0.584, 0.285, 0.308),
(10, 'Austria', 7.246, 1.376, 1.475, 1.016, 0.532, 0.244, 0.226),
(11, 'Australia', 7.228, 1.372, 1.548, 1.036, 0.557, 0.332, 0.29),
(12, 'Costa Rica', 7.167, 1.034, 1.441, 0.963, 0.558, 0.144, 0.093),
(13, 'Israel', 7.139, 1.276, 1.455, 1.029, 0.371, 0.261, 0.082),
(14, 'Luxembourg', 7.09, 1.609, 1.479, 1.012, 0.526, 0.194, 0.316),
(15, 'United Kingdom', 7.054, 1.333, 1.538, 0.996, 0.45, 0.348, 0.278),
(16, 'Ireland', 7.021, 1.499, 1.553, 0.999, 0.516, 0.298, 0.31),
(17, 'Germany', 6.985, 1.373, 1.454, 0.987, 0.495, 0.261, 0.265),
(18, 'Belgium', 6.923, 1.356, 1.504, 0.986, 0.473, 0.16, 0.21),
(19, 'United States', 6.892, 1.433, 1.457, 0.874, 0.454, 0.28, 0.128),
(20, 'Czech Republic', 6.852, 1.269, 1.487, 0.92, 0.457, 0.046, 0.036),
(21, 'United Arab Emirates', 6.825, 1.503, 1.31, 0.825, 0.598, 0.262, 0.182),
(22, 'Malta', 6.726, 1.3, 1.52, 0.999, 0.564, 0.375, 0.151),
(23, 'Mexico', 6.595, 1.07, 1.323, 0.861, 0.433, 0.074, 0.073),
(24, 'France', 6.592, 1.324, 1.472, 1.045, 0.436, 0.111, 0.183),
(25, 'Taiwan', 6.446, 1.368, 1.43, 0.914, 0.351, 0.242, 0.097),
(26, 'Chile', 6.444, 1.159, 1.369, 0.92, 0.357, 0.187, 0.056),
(27, 'Guatemala', 6.436, 0.8, 1.269, 0.746, 0.535, 0.175, 0.078),
(28, 'Saudi Arabia', 6.375, 1.403, 1.357, 0.795, 0.439, 0.08, 0.132),
(29, 'Qatar', 6.374, 1.684, 1.313, 0.871, 0.555, 0.22, 0.167),
(30, 'Spain', 6.354, 1.286, 1.484, 1.062, 0.362, 0.153, 0.079),
(31, 'Panama', 6.321, 1.149, 1.442, 0.91, 0.516, 0.109, 0.054),
(32, 'Brazil', 6.3, 1.004, 1.439, 0.802, 0.39, 0.099, 0.086),
(33, 'Uruguay', 6.293, 1.124, 1.465, 0.891, 0.523, 0.127, 0.15),
(34, 'Singapore', 6.262, 1.572, 1.463, 1.141, 0.556, 0.271, 0.453),
(35, 'El Salvador', 6.253, 0.794, 1.242, 0.789, 0.43, 0.093, 0.074),
(36, 'Italy', 6.223, 1.294, 1.488, 1.039, 0.231, 0.158, 0.03),
(37, 'Bahrain', 6.199, 1.362, 1.368, 0.871, 0.536, 0.255, 0.11),
(38, 'Slovakia', 6.198, 1.246, 1.504, 0.881, 0.334, 0.121, 0.014),
(39, 'Trinidad & Tobago', 6.192, 1.231, 1.477, 0.713, 0.489, 0.185, 0.016),
(40, 'Poland', 6.182, 1.206, 1.438, 0.884, 0.483, 0.117, 0.05),
(41, 'Uzbekistan', 6.174, 0.745, 1.529, 0.756, 0.631, 0.322, 0.24),
(42, 'Lithuania', 6.149, 1.238, 1.515, 0.818, 0.291, 0.043, 0.042),
(43, 'Colombia', 6.125, 0.985, 1.41, 0.841, 0.47, 0.099, 0.034),
(44, 'Slovenia', 6.118, 1.258, 1.523, 0.953, 0.564, 0.144, 0.057),
(45, 'Nicaragua', 6.105, 0.694, 1.325, 0.835, 0.435, 0.2, 0.127),
(46, 'Kosovo', 6.1, 0.882, 1.232, 0.758, 0.489, 0.262, 0.006),
(47, 'Argentina', 6.086, 1.092, 1.432, 0.881, 0.471, 0.066, 0.05),
(48, 'Romania', 6.07, 1.162, 1.232, 0.825, 0.462, 0.083, 0.005),
(49, 'Cyprus', 6.046, 1.263, 1.223, 1.042, 0.406, 0.19, 0.041),
(50, 'Ecuador', 6.028, 0.912, 1.312, 0.868, 0.498, 0.126, 0.087),
(51, 'Kuwait', 6.021, 1.5, 1.319, 0.808, 0.493, 0.142, 0.097),
(52, 'Thailand', 6.008, 1.05, 1.409, 0.828, 0.557, 0.359, 0.028),
(53, 'Latvia', 5.94, 1.187, 1.465, 0.812, 0.264, 0.075, 0.064),
(54, 'South Korea', 5.895, 1.301, 1.219, 1.036, 0.159, 0.175, 0.056),
(55, 'Estonia', 5.893, 1.237, 1.528, 0.874, 0.495, 0.103, 0.161),
(56, 'Jamaica', 5.89, 0.831, 1.478, 0.831, 0.49, 0.107, 0.028),
(57, 'Mauritius', 5.888, 1.12, 1.402, 0.798, 0.498, 0.215, 0.06),
(58, 'Japan', 5.886, 1.327, 1.419, 1.088, 0.445, 0.069, 0.14),
(59, 'Honduras', 5.86, 0.642, 1.236, 0.828, 0.507, 0.246, 0.078),
(60, 'Kazakhstan', 5.809, 1.173, 1.508, 0.729, 0.41, 0.146, 0.096),
(61, 'Bolivia', 5.779, 0.776, 1.209, 0.706, 0.511, 0.137, 0.064),
(62, 'Hungary', 5.758, 1.201, 1.41, 0.828, 0.199, 0.081, 0.02),
(63, 'Paraguay', 5.743, 0.855, 1.475, 0.777, 0.514, 0.184, 0.08),
(64, 'Northern Cyprus', 5.718, 1.263, 1.252, 1.042, 0.417, 0.191, 0.162),
(65, 'Peru', 5.697, 0.96, 1.274, 0.854, 0.455, 0.083, 0.027),
(66, 'Portugal', 5.693, 1.221, 1.431, 0.999, 0.508, 0.047, 0.025),
(67, 'Pakistan', 5.653, 0.677, 0.886, 0.535, 0.313, 0.22, 0.098),
(68, 'Russia', 5.648, 1.183, 1.452, 0.726, 0.334, 0.082, 0.031),
(69, 'Philippines', 5.631, 0.807, 1.293, 0.657, 0.558, 0.117, 0.107),
(70, 'Serbia', 5.603, 1.004, 1.383, 0.854, 0.282, 0.137, 0.039),
(71, 'Moldova', 5.529, 0.685, 1.328, 0.739, 0.245, 0.181, 0),
(72, 'Libya', 5.525, 1.044, 1.303, 0.673, 0.416, 0.133, 0.152),
(73, 'Montenegro', 5.523, 1.051, 1.361, 0.871, 0.197, 0.142, 0.08),
(74, 'Tajikistan', 5.467, 0.493, 1.098, 0.718, 0.389, 0.23, 0.144),
(75, 'Croatia', 5.432, 1.155, 1.266, 0.914, 0.296, 0.119, 0.022),
(76, 'Hong Kong', 5.43, 1.438, 1.277, 1.122, 0.44, 0.258, 0.287),
(77, 'Dominican Republic', 5.425, 1.015, 1.401, 0.779, 0.497, 0.113, 0.101),
(78, 'Bosnia and Herzegovina', 5.386, 0.945, 1.212, 0.845, 0.212, 0.263, 0.006),
(79, 'Turkey', 5.373, 1.183, 1.36, 0.808, 0.195, 0.083, 0.106),
(80, 'Malaysia', 5.339, 1.221, 1.171, 0.828, 0.508, 0.26, 0.024),
(81, 'Belarus', 5.323, 1.067, 1.465, 0.789, 0.235, 0.094, 0.142),
(82, 'Greece', 5.287, 1.181, 1.156, 0.999, 0.067, 0, 0.034),
(83, 'Mongolia', 5.285, 0.948, 1.531, 0.667, 0.317, 0.235, 0.038),
(84, 'North Macedonia', 5.274, 0.983, 1.294, 0.838, 0.345, 0.185, 0.034),
(85, 'Nigeria', 5.265, 0.696, 1.111, 0.245, 0.426, 0.215, 0.041),
(86, 'Kyrgyzstan', 5.261, 0.551, 1.438, 0.723, 0.508, 0.3, 0.023),
(87, 'Turkmenistan', 5.247, 1.052, 1.538, 0.657, 0.394, 0.244, 0.028),
(88, 'Algeria', 5.211, 1.002, 1.16, 0.785, 0.086, 0.073, 0.114),
(89, 'Morocco', 5.208, 0.801, 0.782, 0.782, 0.418, 0.036, 0.076),
(90, 'Azerbaijan', 5.208, 1.043, 1.147, 0.769, 0.351, 0.035, 0.182),
(91, 'Lebanon', 5.197, 0.987, 1.224, 0.815, 0.216, 0.166, 0.027),
(92, 'Indonesia', 5.192, 0.931, 1.203, 0.66, 0.491, 0.498, 0.028),
(93, 'China', 5.191, 1.029, 1.125, 0.893, 0.521, 0.058, 0.1),
(94, 'Vietnam', 5.175, 0.741, 1.346, 0.851, 0.543, 0.147, 0.073),
(95, 'Bhutan', 5.082, 0.813, 1.321, 0.604, 0.457, 0.37, 0.167),
(96, 'Cameroon', 5.044, 0.549, 0.91, 0.331, 0.381, 0.187, 0.037),
(97, 'Bulgaria', 5.011, 1.092, 1.513, 0.815, 0.311, 0.081, 0.004),
(98, 'Ghana', 4.996, 0.611, 0.868, 0.486, 0.381, 0.245, 0.04),
(99, 'Ivory Coast', 4.944, 0.569, 0.808, 0.232, 0.352, 0.154, 0.09),
(100, 'Nepal', 4.913, 0.446, 1.226, 0.677, 0.439, 0.285, 0.089),
(101, 'Jordan', 4.906, 0.837, 1.225, 0.815, 0.383, 0.11, 0.13),
(102, 'Benin', 4.883, 0.393, 0.437, 0.397, 0.349, 0.175, 0.082),
(103, 'Congo (Brazzaville)', 4.812, 0.673, 0.799, 0.508, 0.372, 0.105, 0.093),
(104, 'Gabon', 4.799, 1.057, 1.183, 0.571, 0.295, 0.043, 0.055),
(105, 'Laos', 4.796, 0.764, 1.03, 0.551, 0.547, 0.266, 0.164),
(106, 'South Africa', 4.722, 0.96, 1.351, 0.469, 0.389, 0.13, 0.055),
(107, 'Albania', 4.719, 0.947, 0.848, 0.874, 0.383, 0.178, 0.027),
(108, 'Venezuela', 4.707, 0.96, 1.427, 0.805, 0.154, 0.064, 0.047),
(109, 'Cambodia', 4.7, 0.574, 1.122, 0.637, 0.609, 0.232, 0.062),
(110, 'Palestinian Territories', 4.696, 0.657, 1.247, 0.672, 0.225, 0.103, 0.066),
(111, 'Senegal', 4.681, 0.45, 1.134, 0.571, 0.292, 0.153, 0.072),
(112, 'Somalia', 4.668, 0, 0.698, 0.268, 0.559, 0.243, 0.27),
(113, 'Namibia', 4.639, 0.879, 1.313, 0.477, 0.401, 0.07, 0.056),
(114, 'Niger', 4.628, 0.138, 0.774, 0.366, 0.318, 0.188, 0.102),
(115, 'Burkina Faso', 4.587, 0.331, 1.056, 0.38, 0.255, 0.177, 0.113),
(116, 'Armenia', 4.559, 0.85, 1.055, 0.815, 0.283, 0.095, 0.064),
(117, 'Iran', 4.548, 1.1, 0.842, 0.785, 0.305, 0.27, 0.125),
(118, 'Guinea', 4.534, 0.38, 0.829, 0.375, 0.332, 0.207, 0.086),
(119, 'Georgia', 4.519, 0.886, 0.666, 0.752, 0.346, 0.043, 0.164),
(120, 'Gambia', 4.516, 0.308, 0.939, 0.428, 0.382, 0.269, 0.167),
(121, 'Kenya', 4.509, 0.512, 0.983, 0.581, 0.431, 0.372, 0.053),
(122, 'Mauritania', 4.49, 0.57, 1.167, 0.489, 0.066, 0.106, 0.088),
(123, 'Mozambique', 4.466, 0.204, 0.986, 0.39, 0.494, 0.197, 0.138),
(124, 'Tunisia', 4.461, 0.921, 1, 0.815, 0.167, 0.059, 0.055),
(125, 'Bangladesh', 4.456, 0.562, 0.928, 0.723, 0.527, 0.166, 0.143),
(126, 'Iraq', 4.437, 1.043, 0.98, 0.574, 0.241, 0.148, 0.089),
(127, 'Congo (Kinshasa)', 4.418, 0.094, 1.125, 0.357, 0.269, 0.212, 0.053),
(128, 'Mali', 4.39, 0.385, 1.105, 0.308, 0.327, 0.153, 0.052),
(129, 'Sierra Leone', 4.374, 0.268, 0.841, 0.242, 0.309, 0.252, 0.045),
(130, 'Sri Lanka', 4.366, 0.949, 1.265, 0.831, 0.47, 0.244, 0.047),
(131, 'Myanmar', 4.36, 0.71, 1.181, 0.555, 0.525, 0.566, 0.172),
(132, 'Chad', 4.35, 0.35, 0.766, 0.192, 0.174, 0.198, 0.078),
(133, 'Ukraine', 4.332, 0.82, 1.39, 0.739, 0.178, 0.187, 0.01),
(134, 'Ethiopia', 4.286, 0.336, 1.033, 0.532, 0.344, 0.209, 0.1),
(135, 'Swaziland', 4.212, 0.811, 1.149, 0, 0.313, 0.074, 0.135),
(136, 'Uganda', 4.189, 0.332, 1.069, 0.443, 0.356, 0.252, 0.06),
(137, 'Egypt', 4.166, 0.913, 1.039, 0.644, 0.241, 0.076, 0.067),
(138, 'Zambia', 4.107, 0.578, 1.058, 0.426, 0.431, 0.247, 0.087),
(139, 'Togo', 4.085, 0.275, 0.572, 0.41, 0.293, 0.177, 0.085),
(140, 'India', 4.015, 0.755, 0.765, 0.588, 0.498, 0.2, 0.085),
(141, 'Liberia', 3.975, 0.073, 0.922, 0.443, 0.37, 0.233, 0.033),
(142, 'Comoros', 3.973, 0.274, 0.757, 0.505, 0.142, 0.275, 0.078),
(143, 'Madagascar', 3.933, 0.274, 0.916, 0.555, 0.148, 0.169, 0.041),
(144, 'Lesotho', 3.802, 0.489, 1.169, 0.168, 0.359, 0.107, 0.093),
(145, 'Burundi', 3.775, 0.046, 0.447, 0.38, 0.22, 0.176, 0.18),
(146, 'Zimbabwe', 3.663, 0.366, 1.114, 0.433, 0.361, 0.151, 0.089),
(147, 'Haiti', 3.597, 0.323, 0.688, 0.449, 0.026, 0.419, 0.11),
(148, 'Botswana', 3.488, 1.041, 1.145, 0.538, 0.455, 0.025, 0.1),
(149, 'Syria', 3.462, 0.619, 0.378, 0.44, 0.013, 0.331, 0.141),
(150, 'Malawi', 3.41, 0.191, 0.56, 0.495, 0.443, 0.218, 0.089),
(151, 'Yemen', 3.38, 0.287, 1.163, 0.463, 0.143, 0.108, 0.077),
(152, 'Rwanda', 3.334, 0.359, 0.711, 0.614, 0.555, 0.217, 0.411),
(153, 'Tanzania', 3.231, 0.476, 0.885, 0.499, 0.417, 0.276, 0.147),
(154, 'Afghanistan', 3.203, 0.35, 0.517, 0.361, 0, 0.158, 0.025),
(155, 'Central African Republic', 3.083, 0.026, 0, 0.105, 0.225, 0.235, 0.035),
(156, 'South Sudan', 2.853, 0.306, 0.575, 0.295, 0.01, 0.202, 0.091);

-- --------------------------------------------------------

--
-- Tabelstructuur voor tabel `suicides`
--

CREATE TABLE `suicides` (
  `Country` varchar(43) DEFAULT NULL,
  `Year` int(4) DEFAULT NULL,
  `Suicides` int(5) DEFAULT NULL,
  `Population` int(9) DEFAULT NULL
) ENGINE=InnoDB DEFAULT CHARSET=utf8;

--
-- Gegevens worden geëxporteerd voor tabel `suicides`
--

INSERT INTO `suicides` (`Country`, `Year`, `Suicides`, `Population`) VALUES
('South Africa', 2011, 358, 46806739),
('South Africa', 2012, 487, 47484256),
('South Africa', 2013, 587, 48192699),
('South Africa', 2014, 580, 48912129),
('South Africa', 2015, 482, 49627460),
('Argentina', 2010, 2943, 37578454),
('Argentina', 2011, 2912, 38015739),
('Argentina', 2012, 3247, 38441778),
('Argentina', 2013, 2987, 38859125),
('Argentina', 2014, 3231, 39276555),
('Argentina', 2015, 3373, 39699624),
('Australia', 2010, 2420, 20847547),
('Australia', 2011, 2392, 20881910),
('Australia', 2012, 2931, 21238909),
('Australia', 2013, 2608, 21600180),
('Australia', 2014, 2891, 21927587),
('Australia', 2015, 3027, 22240785),
('Belgium', 2010, 2013, 10211171),
('Belgium', 2011, 2088, 10355126),
('Belgium', 2012, 2026, 10442637),
('Belgium', 2013, 1895, 10526149),
('Belgium', 2014, 1899, 10578848),
('Belgium', 2015, 1867, 10624356),
('Brazil', 2010, 9396, 181629715),
('Brazil', 2011, 9822, 183656441),
('Brazil', 2012, 10295, 185591215),
('Brazil', 2013, 10513, 187458852),
('Brazil', 2014, 10631, 189285554),
('Brazil', 2015, 11163, 191087085),
('Canada', 2010, 3951, 32286140),
('Canada', 2011, 3728, 32615418),
('Canada', 2012, 3926, 32961196),
('Canada', 2013, 4054, 33314836),
('Chile', 2010, 2001, 15751851),
('Chile', 2011, 2027, 15910783),
('Chile', 2012, 1841, 16075247),
('Chile', 2013, 1738, 16242244),
('Chile', 2014, 1789, 16406867),
('Chile', 2015, 1838, 16565725),
('Colombia', 2010, 2107, 41989103),
('Colombia', 2011, 2044, 42538305),
('Colombia', 2012, 2119, 43055864),
('Colombia', 2013, 2068, 43546298),
('Colombia', 2014, 2126, 44021800),
('Colombia', 2015, 2332, 44490427),
('France', 2010, 10379, 59056283),
('France', 2011, 10408, 59344643),
('France', 2012, 9743, 59638457),
('France', 2013, 9600, 59910069),
('France', 2014, 8881, 60275954),
('Germany', 2010, 10030, 78349067),
('Germany', 2011, 10153, 78371140),
('Germany', 2012, 9896, 78508115),
('Germany', 2013, 10091, 77270988),
('Germany', 2014, 10217, 77552369),
('Germany', 2015, 10088, 78136683),
('Israel', 2010, 480, 6849825),
('Israel', 2011, 409, 6971495),
('Israel', 2012, 430, 7095360),
('Israel', 2013, 372, 7226008),
('Israel', 2015, 342, 7516180),
('Italy', 2010, 3989, 57637843),
('Italy', 2011, 4153, 56610149),
('Italy', 2012, 4257, 56795085),
('Italy', 2013, 4290, 57503331),
('Italy', 2014, 4147, 58100676),
('Italy', 2015, 3988, 58117697),
('Japan', 2010, 29411, 121127267),
('Japan', 2011, 28766, 120927000),
('Japan', 2012, 26338, 120735000),
('Japan', 2013, 25991, 120514000),
('Japan', 2014, 24357, 120274000),
('Japan', 2015, 23092, 120376310),
('Spain', 2010, 3158, 43595356),
('Spain', 2011, 3180, 43642571),
('Spain', 2012, 3539, 44318859),
('Spain', 2013, 3873, 44227625),
('Spain', 2014, 3911, 44172771),
('Spain', 2015, 3604, 44186528),
('United States', 2010, 38362, 287839149),
('United States', 2011, 39508, 290313825),
('United States', 2012, 40596, 292827128),
('United States', 2013, 41143, 295322862),
('United States', 2014, 42769, 297749735),
('United States', 2015, 44189, 300078511);

-- --------------------------------------------------------

--
-- Tabelstructuur voor tabel `top50songs`
--

CREATE TABLE `top50songs` (
  `Rank` int(7) DEFAULT NULL,
  `Title` varchar(131) DEFAULT NULL,
  `Artist` varchar(38) DEFAULT NULL,
  `genre` varchar(27) DEFAULT NULL,
  `Year` varchar(4) DEFAULT NULL,
  `bpm` varchar(3) DEFAULT NULL,
  `nrgy` varchar(4) DEFAULT NULL,
  `dnce` varchar(4) DEFAULT NULL,
  `dB` varchar(3) DEFAULT NULL,
  `live` varchar(4) DEFAULT NULL,
  `val` varchar(3) DEFAULT NULL,
  `dur` varchar(3) DEFAULT NULL,
  `acous` varchar(5) DEFAULT NULL,
  `scph` varchar(4) DEFAULT NULL,
  `pop` varchar(3) DEFAULT NULL,
  `country` varchar(13) DEFAULT NULL
) ENGINE=InnoDB DEFAULT CHARSET=utf8;

--
-- Gegevens worden geëxporteerd voor tabel `top50songs`
--

INSERT INTO `top50songs` (`Rank`, `Title`, `Artist`, `genre`, `Year`, `bpm`, `nrgy`, `dnce`, `dB`, `live`, `val`, `dur`, `acous`, `scph`, `pop`, `country`) VALUES
(1, 'Dance Monkey', 'Tones and I', 'australian pop', '2019', '98', '59', '82', '-6', '15', '51', '209', '69', '9', '100', 'world'),
(2, 'ROXANNE', 'Arizona Zervas', 'pop rap', '2019', '117', '60', '62', '-6', '46', '46', '164', '5', '15', '99', 'world'),
(3, 'Memories', 'Maroon 5', 'pop', '2019', '91', '32', '76', '-7', '8', '57', '189', '84', '5', '99', 'world'),
(4, 'Circles', 'Post Malone', 'dfw rap', '2019', '120', '76', '70', '-3', '9', '55', '215', '19', '4', '99', 'world'),
(5, 'All I Want for Christmas Is You', 'Mariah Carey', 'dance pop', '1994', '150', '63', '34', '-7', '7', '35', '241', '16', '4', '98', 'world'),
(6, 'everything i wanted', 'Billie Eilish', 'electropop', '2019', '120', '23', '70', '-14', '11', '24', '245', '90', '10', '98', 'world'),
(7, 'Falling', 'Trevor Daniel', 'alternative r&b', '2018', '127', '43', '78', '-9', '9', '24', '159', '12', '4', '97', 'world'),
(8, 'RITMO (Bad Boys For Life)', 'The Black Eyed Peas', 'dance pop', '2019', '105', '72', '72', '-7', '24', '67', '222', '3', '7', '97', 'world'),
(9, 'Don\'t Start Now', 'Dua Lipa', 'dance pop', '2019', '124', '79', '79', '-5', '10', '68', '183', '1', '8', '97', 'world'),
(10, 'Tusa', 'KAROL G', 'latin', '2019', '101', '72', '80', '-3', '6', '57', '201', '30', '30', '96', 'world'),
(11, 'Blinding Lights', 'The Weeknd', 'canadian contemporary r&b', '2019', '171', '80', '51', '-4', '9', '35', '202', '0', '6', '96', 'world'),
(12, 'Someone You Loved', 'Lewis Capaldi', 'pop', '2019', '110', '41', '50', '-6', '11', '45', '182', '75', '3', '96', 'world'),
(13, 'Santa Tell Me', 'Ariana Grande', 'dance pop', '2014', '192', '62', '53', '-7', '29', '59', '204', '5', '12', '95', 'world'),
(14, 'Rockin\' Around The Christmas Tree', 'Brenda Lee', 'adult standards', '1964', '67', '47', '59', '-9', '51', '90', '126', '61', '5', '93', 'world'),
(15, 'Jingle Bell Rock', 'Bobby Helms', 'adult standards', '1992', '120', '42', '75', '-8', '7', '81', '131', '64', '4', '92', 'world'),
(16, 'It\'s the Most Wonderful Time of the Year', 'Andy Williams', 'adult standards', '1963', '202', '60', '24', '-8', '12', '78', '152', '77', '4', '92', 'world'),
(17, 'Happy Xmas (War Is Over) - Remastered', 'John Lennon', 'album rock', '2010', '147', '61', '33', '-11', '77', '40', '214', '32', '3', '92', 'world'),
(18, 'Mistletoe', 'Justin Bieber', 'canadian pop', '2011', '162', '56', '66', '-9', '8', '85', '183', '50', '5', '92', 'world'),
(19, 'Let It Snow! Let It Snow! Let It Snow! (with The B. Swanson Quartet)', 'Frank Sinatra', 'adult standards', '1994', '142', '26', '65', '-13', '36', '84', '155', '90', '6', '91', 'world'),
(20, 'Wonderful Christmastime - Edited Version / Remastered 2011', 'Paul McCartney', 'album rock', '1980', '95', '51', '77', '-9', '7', '77', '228', '32', '3', '91', 'world'),
(21, 'The Christmas Song (Merry Christmas To You)', 'Nat King Cole', 'adult standards', '1962', '79', '21', '32', '-15', '14', '21', '192', '92', '3', '89', 'world'),
(22, 'White Christmas', 'Bing Crosby', 'adult standards', '1942', '131', '16', '32', '-16', '34', '25', '177', '67', '4', '89', 'world'),
(23, 'Let It Snow! Let It Snow! Let It Snow!', 'Dean Martin', 'adult standards', '1959', '134', '24', '45', '-14', '18', '70', '117', '91', '4', '89', 'world'),
(24, 'Have Yourself A Merry Little Christmas', 'Sam Smith', 'pop', '2014', '75', '18', '44', '-9', '32', '34', '171', '96', '4', '89', 'world'),
(25, 'Seńorita', 'Shawn Mendes', 'canadian pop', '2019', '117', '55', '76', '-6', '8', '75', '191', '4', '3', '89', 'world'),
(26, 'Underneath the Tree', 'Kelly Clarkson', 'dance pop', '2013', '160', '81', '51', '-5', '21', '69', '230', '0', '5', '88', 'world'),
(27, 'It\'s Beginning to Look a Lot Like Christmas (with Mitchell Ayres & His Orchestra)', 'Perry Como', 'adult standards', '1999', '113', '28', '73', '-12', '12', '72', '156', '76', '6', '88', 'world'),
(28, 'Jingle Bell Rock - Daryl\'s Version', 'Daryl Hall & John Oates', 'album rock', '1983', '129', '84', '67', '-4', '11', '84', '126', '61', '3', '88', 'world'),
(29, 'Christmas (Baby Please Come Home)', 'Mariah Carey', 'dance pop', '1994', '127', '78', '57', '-7', '11', '70', '153', '2', '3', '88', 'world'),
(30, 'Do They Know It\'s Christmas? - 1984 Version', 'Band Aid', 'NA', '2004', '115', '64', '60', '-7', '10', '35', '223', '16', '4', '87', 'world'),
(31, 'Blue Christmas', 'Elvis Presley', 'adult standards', '1957', '95', '27', '47', '-17', '14', '58', '129', '90', '4', '87', 'world'),
(32, 'Run Rudolph Run - Single Version', 'Chuck Berry', 'blues rock', '1986', '152', '72', '68', '-11', '8', '96', '166', '81', '9', '87', 'world'),
(33, 'Step Into Christmas', 'Elton John', 'glam rock', '1973', '140', '93', '53', '-6', '31', '82', '272', '10', '4', '87', 'world'),
(34, 'Christmas Lights', 'Coldplay', 'permanent wave', '2010', '131', '42', '31', '-9', '8', '24', '242', '13', '3', '87', 'world'),
(35, 'Santa Baby', 'Ariana Grande', 'dance pop', '2013', '96', '78', '75', '-6', '28', '77', '171', '5', '14', '87', 'world'),
(36, 'Fairytale of New York (feat. Kirsty MacColl)', 'The Pogues', 'celtic punk', '1988', '119', '65', '32', '-6', '24', '47', '272', '50', '3', '86', 'world'),
(37, 'Santa Claus Is Comin\' to Town - Live at C.W. Post College, Greenvale, NY - December 1975', 'Bruce Springsteen', 'heartland rock', '1981', '140', '67', '36', '-8', '73', '41', '268', '36', '5', '86', 'world'),
(38, 'Last Christmas', 'Wham!', 'new wave pop', '1984', '108', '48', '74', '-12', '36', '95', '263', '19', '3', '85', 'world'),
(39, 'Feliz Navidad', 'José Feliciano', 'latin pop', '2001', '149', '86', '49', '-7', '35', '96', '182', '53', '4', '85', 'world'),
(40, 'Santa Claus Is Coming To Town', 'The Jackson 5', 'adult standards', '1970', '147', '76', '69', '-5', '18', '96', '144', '42', '3', '85', 'world'),
(41, 'It\'s Beginning to Look a Lot like Christmas', 'Michael Bublé', 'adult standards', '2011', '93', '22', '33', '-11', '34', '36', '207', '88', '3', '84', 'world'),
(42, 'I Saw Mommy Kissing Santa Claus', 'The Jackson 5', 'adult standards', '1970', '129', '71', '58', '-8', '82', '61', '181', '26', '5', '84', 'world'),
(43, 'My Only Wish (This Year)', 'Britney Spears', 'dance pop', '2019', '147', '73', '67', '-7', '20', '68', '255', '23', '3', '84', 'world'),
(44, 'A Holly Jolly Christmas - Single Version', 'Burl Ives', 'adult standards', '1998', '140', '37', '67', '-13', '10', '86', '133', '59', '3', '83', 'world'),
(45, 'Driving Home for Christmas - 2019 Remaster', 'Chris Rea', 'album rock', '1987', '180', '58', '51', '-11', '18', '87', '242', '36', '4', '83', 'world'),
(46, 'Holly Jolly Christmas', 'Michael Bublé', 'adult standards', '2011', '151', '43', '61', '-9', '9', '74', '122', '86', '4', '82', 'world'),
(47, 'Christmas (Baby Please Come Home)', 'Darlene Love', 'adult standards', '2019', '126', '76', '34', '-7', '8', '36', '166', '39', '5', '82', 'world'),
(48, 'Sleigh Ride', 'The Ronettes', 'adult standards', '2019', '92', '77', '53', '-7', '32', '85', '181', '40', '3', '77', 'world'),
(49, 'Santa Claus Is Coming to Town', 'Michael Bublé', 'adult standards', '2011', '123', '40', '59', '-7', '4', '42', '172', '79', '5', '75', 'world'),
(50, 'Merry Christmas Everyone', 'Shakin\' Stevens', 'new wave pop', '1997', '102', '71', '76', '-10', '8', '96', '224', '16', '3', '69', 'world'),
(1, 'Dance Monkey', 'Tones and I', 'australian pop', '2019', '98', '59', '82', '-6', '15', '51', '209', '69', '9', '100', 'africa'),
(2, 'Circles', 'Post Malone', 'dfw rap', '2019', '120', '76', '70', '-3', '9', '55', '215', '19', '4', '99', 'africa'),
(3, 'Memories', 'Maroon 5', 'pop', '2019', '91', '32', '76', '-7', '8', '57', '189', '84', '5', '99', 'africa'),
(4, 'ROXANNE', 'Arizona Zervas', 'pop rap', '2019', '117', '60', '62', '-6', '46', '46', '164', '5', '15', '99', 'africa'),
(5, 'All I Want for Christmas Is You', 'Mariah Carey', 'dance pop', '1994', '150', '63', '34', '-7', '7', '35', '241', '16', '4', '98', 'africa'),
(6, 'Santa Tell Me', 'Ariana Grande', 'dance pop', '2014', '192', '62', '53', '-7', '29', '59', '204', '5', '12', '95', 'africa'),
(7, 'Rockin\' Around The Christmas Tree', 'Brenda Lee', 'adult standards', '1964', '67', '47', '59', '-9', '51', '90', '126', '61', '5', '93', 'africa'),
(8, 'Jingle Bell Rock', 'Bobby Helms', 'adult standards', '1992', '120', '42', '75', '-8', '7', '81', '131', '64', '4', '92', 'africa'),
(9, 'It\'s the Most Wonderful Time of the Year', 'Andy Williams', 'adult standards', '1963', '202', '60', '24', '-8', '12', '78', '152', '77', '4', '92', 'africa'),
(10, 'Mistletoe', 'Justin Bieber', 'canadian pop', '2011', '162', '56', '66', '-9', '8', '85', '183', '50', '5', '92', 'africa'),
(11, 'Happy Xmas (War Is Over) - Remastered', 'John Lennon', 'album rock', '2010', '147', '61', '33', '-11', '77', '40', '214', '32', '3', '92', 'africa'),
(12, 'Let It Snow! Let It Snow! Let It Snow! (with The B. Swanson Quartet)', 'Frank Sinatra', 'adult standards', '1994', '142', '26', '65', '-13', '36', '84', '155', '90', '6', '91', 'africa'),
(13, 'Wonderful Christmastime - Edited Version / Remastered 2011', 'Paul McCartney', 'album rock', '1980', '95', '51', '77', '-9', '7', '77', '228', '32', '3', '91', 'africa'),
(14, 'The Christmas Song (Merry Christmas To You)', 'Nat King Cole', 'adult standards', '1962', '79', '21', '32', '-15', '14', '21', '192', '92', '3', '89', 'africa'),
(15, 'White Christmas', 'Bing Crosby', 'adult standards', '1942', '131', '16', '32', '-16', '34', '25', '177', '67', '4', '89', 'africa'),
(16, 'Let It Snow! Let It Snow! Let It Snow!', 'Dean Martin', 'adult standards', '1959', '134', '24', '45', '-14', '18', '70', '117', '91', '4', '89', 'africa'),
(17, 'Have Yourself A Merry Little Christmas', 'Sam Smith', 'pop', '2014', '75', '18', '44', '-9', '32', '34', '171', '96', '4', '89', 'africa'),
(18, 'Seńorita', 'Shawn Mendes', 'canadian pop', '2019', '117', '55', '76', '-6', '8', '75', '191', '4', '3', '89', 'africa'),
(19, 'Underneath the Tree', 'Kelly Clarkson', 'dance pop', '2013', '160', '81', '51', '-5', '21', '69', '230', '0', '5', '88', 'africa'),
(20, 'It\'s Beginning to Look a Lot Like Christmas (with Mitchell Ayres & His Orchestra)', 'Perry Como', 'adult standards', '1999', '113', '28', '73', '-12', '12', '72', '156', '76', '6', '88', 'africa'),
(21, 'Christmas (Baby Please Come Home)', 'Mariah Carey', 'dance pop', '1994', '127', '78', '57', '-7', '11', '70', '153', '2', '3', '88', 'africa'),
(22, 'Jingle Bell Rock - Daryl\'s Version', 'Daryl Hall & John Oates', 'album rock', '1983', '129', '84', '67', '-4', '11', '84', '126', '61', '3', '88', 'africa'),
(23, 'Do They Know It\'s Christmas? - 1984 Version', 'Band Aid', 'NA', '2004', '115', '64', '60', '-7', '10', '35', '223', '16', '4', '87', 'africa'),
(24, 'Blue Christmas', 'Elvis Presley', 'adult standards', '1957', '95', '27', '47', '-17', '14', '58', '129', '90', '4', '87', 'africa'),
(25, 'Santa Baby', 'Ariana Grande', 'dance pop', '2013', '96', '78', '75', '-6', '28', '77', '171', '5', '14', '87', 'africa'),
(26, 'Santa Claus Is Comin\' to Town - Live at C.W. Post College, Greenvale, NY - December 1975', 'Bruce Springsteen', 'heartland rock', '1981', '140', '67', '36', '-8', '73', '41', '268', '36', '5', '86', 'africa'),
(27, 'Beautiful People (feat. Khalid)', 'Ed Sheeran', 'pop', '2019', '93', '65', '64', '-8', '8', '55', '198', '12', '19', '86', 'africa'),
(28, 'Last Christmas', 'Wham!', 'new wave pop', '1984', '108', '48', '74', '-12', '36', '95', '263', '19', '3', '85', 'africa'),
(29, 'Feliz Navidad', 'José Feliciano', 'latin pop', '2001', '149', '86', '49', '-7', '35', '96', '182', '53', '4', '85', 'africa'),
(30, 'Santa Claus Is Coming To Town', 'The Jackson 5', 'adult standards', '1970', '147', '76', '69', '-5', '18', '96', '144', '42', '3', '85', 'africa'),
(31, 'It\'s Beginning to Look a Lot like Christmas', 'Michael Bublé', 'adult standards', '2011', '93', '22', '33', '-11', '34', '36', '207', '88', '3', '84', 'africa'),
(32, 'A Holly Jolly Christmas - Single Version', 'Burl Ives', 'adult standards', '1998', '140', '37', '67', '-13', '10', '86', '133', '59', '3', '83', 'africa'),
(33, 'Holly Jolly Christmas', 'Michael Bublé', 'adult standards', '2011', '151', '43', '61', '-9', '9', '74', '122', '86', '4', '82', 'africa'),
(34, 'Christmas (Baby Please Come Home)', 'Darlene Love', 'adult standards', '2019', '126', '76', '34', '-7', '8', '36', '166', '39', '5', '82', 'africa'),
(35, 'I\'ll Be Home for Christmas', 'Michael Bublé', 'adult standards', '2011', '82', '11', '25', '-14', '16', '15', '268', '94', '3', '78', 'africa'),
(36, 'Sleigh Ride', 'The Ronettes', 'adult standards', '2019', '92', '77', '53', '-7', '32', '85', '181', '40', '3', '77', 'africa'),
(37, 'Santa Claus Is Coming to Town', 'Michael Bublé', 'adult standards', '2011', '123', '40', '59', '-7', '4', '42', '172', '79', '5', '75', 'africa'),
(38, 'Merry Christmas Everyone', 'Shakin\' Stevens', 'new wave pop', '1997', '102', '71', '76', '-10', '8', '96', '224', '16', '3', '69', 'africa'),
(39, 'Tender Love (feat. DJ Maphorisa & Kabza De Small)', 'Sha Sha', 'afro house', '2019', '113', '39', '85', '-14', '5', '45', '444', '1', '6', '53', 'africa'),
(40, 'Labantwana Ama Uber', 'Semi Tee', 'amapiano', '2019', '112', '62', '87', '-10', '5', '53', '384', '4', '8', '52', 'africa'),
(41, 'Nana Thula', 'Kabza De Small', 'afro house', '2019', '114', '52', '77', '-14', '4', '59', '439', '0', '5', '52', 'africa'),
(42, 'Vula Vala', 'DJ Maphorisa', 'afro house', '2019', '113', '59', '91', '-11', '8', '14', '374', '2', '6', '52', 'africa'),
(43, 'Umlilo', 'DJ Zinhle', 'kwaito', '2019', '125', '70', '70', '-5', '8', '62', '237', '27', '3', '52', 'africa'),
(44, 'Jerusalem', 'Master KG', 'kwaito house', '2019', '124', '47', '88', '-7', '6', '84', '343', '2', '5', '51', 'africa'),
(45, 'Lorch', 'Kabza De Small', 'afro house', '2019', '113', '68', '91', '-10', '7', '41', '375', '17', '6', '50', 'africa'),
(46, 'Sukendleleni', 'Jobe London', 'afro house', '2019', '112', '72', '88', '-6', '5', '24', '415', '5', '5', '50', 'africa'),
(47, 'Fire', 'DJ Big Sky', 'NA', '2019', '114', '56', '65', '-7', '5', '64', '463', '2', '21', '47', 'africa'),
(48, 'Akulaleki', 'Samthing Soweto', 'afro house', '2019', '116', '67', '90', '-9', '6', '34', '382', '14', '9', '45', 'africa'),
(49, 'Sandton', 'Kabza De Small', 'afro house', '2019', '113', '63', '88', '-12', '10', '59', '412', '15', '15', '45', 'africa'),
(50, 'Love You Tonight (feat. DJ Maphorisa, Sha Sha & Kabza De Small)', 'Mfr Souls', 'afro house', '2019', '115', '68', '82', '-8', '6', '68', '353', '5', '5', '37', 'africa'),
(1, 'Dance Monkey', 'Tones and I', 'australian pop', '2019', '98', '59', '82', '-6', '15', '51', '209', '69', '9', '100', 'argentina'),
(2, 'RITMO (Bad Boys For Life)', 'The Black Eyed Peas', 'dance pop', '2019', '105', '72', '72', '-7', '24', '67', '222', '3', '7', '97', 'argentina'),
(3, 'Tusa', 'KAROL G', 'latin', '2019', '101', '72', '80', '-3', '6', '57', '201', '30', '30', '96', 'argentina'),
(4, 'China', 'Anuel AA', 'latin', '2019', '105', '81', '79', '-4', '8', '61', '302', '8', '9', '94', 'argentina'),
(5, 'Vete', 'Bad Bunny', 'latin', '2019', '92', '67', '89', '-4', '10', '53', '192', '4', '19', '94', 'argentina'),
(6, 'Fantasias', 'Rauw Alejandro', 'latin', '2019', '94', '70', '88', '-4', '6', '79', '200', '14', '7', '93', 'argentina'),
(7, 'LA CANCIÓN', 'J Balvin', 'latin', '2019', '176', '65', '75', '-6', '11', '43', '243', '15', '32', '93', 'argentina'),
(8, 'Adicto (with Anuel AA & Ozuna)', 'Tainy', 'pop reggaeton', '2019', '80', '84', '73', '-5', '18', '62', '271', '2', '7', '92', 'argentina'),
(9, 'Callaita', 'Bad Bunny', 'latin', '2019', '176', '62', '61', '-5', '24', '24', '251', '60', '31', '92', 'argentina'),
(10, 'Que Tire Pa Lante', 'Daddy Yankee', 'latin', '2019', '94', '90', '66', '-3', '12', '71', '211', '5', '4', '91', 'argentina'),
(11, 'Whine Up', 'Nicky Jam', 'latin', '2019', '105', '67', '82', '-6', '10', '66', '215', '5', '8', '91', 'argentina'),
(12, 'Tutu', 'Camilo', 'colombian pop', '2019', '146', '83', '73', '-3', '7', '94', '179', '27', '5', '90', 'argentina'),
(13, 'Quizas', 'Rich Music LTD', 'reggaeton', '2019', '176', '82', '73', '-2', '23', '68', '216', '3', '15', '90', 'argentina'),
(14, 'Si Te Vas', 'Sech', 'panamanian pop', '2019', '174', '64', '73', '-4', '14', '55', '205', '9', '13', '90', 'argentina'),
(15, 'Aventura', 'Lunay', 'latin', '2019', '92', '73', '73', '-3', '10', '88', '217', '22', '4', '90', 'argentina'),
(16, 'Yo x Ti, Tu x Mi', 'ROSALĶA', 'r&b en espanol', '2019', '92', '76', '78', '-3', '14', '58', '201', '46', '23', '90', 'argentina'),
(17, 'Indeciso', 'Reik', 'latin', '2019', '95', '75', '74', '-5', '11', '90', '217', '18', '5', '90', 'argentina'),
(18, 'Hola - Remix', 'Dalex', 'latin', '2019', '182', '67', '65', '-6', '8', '34', '250', '47', '31', '89', 'argentina'),
(19, 'Seńorita', 'Shawn Mendes', 'canadian pop', '2019', '117', '55', '76', '-6', '8', '75', '191', '4', '3', '89', 'argentina'),
(20, 'DJ No Pare (feat. Zion, Dalex, Lenny Tavįrez) - Remix', 'Justin Quiles', 'latin', '2019', '170', '71', '74', '-4', '8', '83', '259', '5', '9', '88', 'argentina'),
(21, 'No Me Conoce - Remix', 'Jhay Cortez', 'latin', '2019', '92', '79', '81', '-4', '9', '58', '309', '14', '7', '88', 'argentina'),
(22, 'Con Altura', 'ROSALĶA', 'r&b en espanol', '2019', '98', '69', '88', '-4', '5', '75', '162', '39', '12', '88', 'argentina'),
(23, 'Otro Trago - Remix', 'Sech', 'panamanian pop', '2019', '176', '79', '73', '-2', '6', '76', '288', '7', '20', '88', 'argentina'),
(24, 'Con Calma', 'Daddy Yankee', 'latin', '2019', '94', '86', '74', '-3', '6', '66', '193', '11', '6', '88', 'argentina'),
(25, '0.95833333333333337', 'Maluma', 'latin', '2019', '96', '71', '78', '-5', '9', '68', '176', '22', '28', '88', 'argentina'),
(26, 'Bellaquita - Remix', 'Dalex', 'latin', '2019', '166', '72', '80', '-4', '18', '76', '305', '14', '8', '87', 'argentina'),
(27, 'Calma - Remix', 'Pedro Capó', 'latin', '2018', '127', '77', '83', '-4', '14', '76', '238', '32', '5', '87', 'argentina'),
(28, 'Blanco', 'J Balvin', 'latin', '2019', '100', '71', '87', '-5', '9', '59', '146', '3', '13', '87', 'argentina'),
(29, 'El Favor (with Nicky Jam & Sech, feat. Farruko, Zion & Lunay)', 'Dimelo Flow', 'latin', '2019', '88', '65', '75', '-3', '11', '48', '233', '11', '7', '85', 'argentina'),
(30, 'Fresa', 'TINI', 'latin pop', '2019', '96', '87', '78', '-3', '10', '86', '166', '22', '9', '83', 'argentina'),
(31, 'Perreo en La Luna', 'Rich Music LTD', 'reggaeton', '2019', '174', '76', '71', '-4', '37', '72', '219', '27', '29', '83', 'argentina'),
(32, 'Sigues Con El', 'Dimelo Flow', 'latin', '2019', '88', '67', '88', '-3', '7', '68', '227', '11', '11', '83', 'argentina'),
(33, 'Oye', 'TINI', 'latin pop', '2019', '95', '51', '68', '-8', '18', '26', '173', '45', '6', '83', 'argentina'),
(34, 'Soltera - Remix', 'Lunay', 'latin', '2019', '92', '78', '80', '-4', '44', '80', '266', '36', '4', '80', 'argentina'),
(35, 'Tal Vez', 'Paulo Londra', 'argentine hip hop', '2019', '162', '65', '86', '-2', '8', '74', '264', '25', '15', '80', 'argentina'),
(36, '22', 'TINI', 'latin pop', '2019', '176', '64', '70', '-5', '9', '81', '159', '1', '9', '76', 'argentina'),
(37, 'Ya No Mas', 'Fer Palacio', 'NA', '2019', '100', '68', '80', '-6', '7', '88', '158', '14', '6', '75', 'argentina'),
(38, 'Goteo', 'Duki', 'argentine hip hop', '2019', '108', '78', '47', '-4', '19', '44', '164', '19', '4', '73', 'argentina'),
(39, 'CANGURO', 'WOS', 'argentine indie', '2019', '164', '75', '60', '-4', '67', '93', '197', '17', '33', '73', 'argentina'),
(40, 'C90 - Remix', 'John C', 'argentine hip hop', '2019', '123', '76', '87', '-5', '7', '61', '316', '34', '9', '72', 'argentina'),
(41, 'Cómo estįs', 'Ke Personajes', 'cumbia pop', '2019', '135', '86', '59', '-2', '4', '98', '227', '29', '6', '72', 'argentina'),
(42, 'Me Vas a Extrańar - En Vivo', 'Damas Gratis', 'cumbia villera', '2018', '88', '81', '42', '-5', '70', '64', '239', '32', '4', '71', 'argentina'),
(43, 'No Te Creas Tan Importante - En Vivo', 'Damas Gratis', 'cumbia villera', '2018', '175', '76', '30', '-5', '88', '67', '240', '20', '4', '70', 'argentina'),
(44, 'Soy Sabalero', 'Los Palmeras', 'argentine rock', '2019', '132', '85', '78', '-5', '8', '85', '180', '8', '6', '68', 'argentina'),
(45, 'No Dijeron Nada', 'Oscu', 'trap argentino', '2019', '115', '71', '70', '-5', '51', '91', '187', '8', '5', '68', 'argentina'),
(46, 'Una Cerveza', 'Rafaga', 'cumbia chilena', '2016', '98', '91', '75', '-2', '9', '76', '241', '32', '5', '67', 'argentina'),
(47, 'Olvķdala', 'Los Palmeras', 'argentine rock', '2004', '132', '69', '77', '-5', '27', '52', '290', '31', '5', '65', 'argentina'),
(48, 'Ocho Cuarenta', 'Rodrigo', 'argentine rock', '1998', '148', '70', '61', '-10', '30', '85', '355', '8', '3', '64', 'argentina'),
(49, 'El Bombón', 'Los Palmeras', 'argentine rock', '2016', '164', '77', '74', '-5', '8', '87', '204', '20', '6', '63', 'argentina'),
(50, 'La Cola', 'Los Palmeras', 'argentine rock', '2016', '93', '79', '78', '-5', '12', '87', '169', '36', '6', '63', 'argentina'),
(1, 'Dance Monkey', 'Tones and I', 'australian pop', '2019', '98', '59', '82', '-6', '15', '51', '209', '69', '9', '100', 'australia'),
(2, 'ROXANNE', 'Arizona Zervas', 'pop rap', '2019', '117', '60', '62', '-6', '46', '46', '164', '5', '15', '99', 'australia'),
(3, 'Circles', 'Post Malone', 'dfw rap', '2019', '120', '76', '70', '-3', '9', '55', '215', '19', '4', '99', 'australia'),
(4, 'Memories', 'Maroon 5', 'pop', '2019', '91', '32', '76', '-7', '8', '57', '189', '84', '5', '99', 'australia'),
(5, 'All I Want for Christmas Is You', 'Mariah Carey', 'dance pop', '1994', '150', '63', '34', '-7', '7', '35', '241', '16', '4', '98', 'australia'),
(6, 'Don\'t Start Now', 'Dua Lipa', 'dance pop', '2019', '124', '79', '79', '-5', '10', '68', '183', '1', '8', '97', 'australia'),
(7, 'Falling', 'Trevor Daniel', 'alternative r&b', '2018', '127', '43', '78', '-9', '9', '24', '159', '12', '4', '97', 'australia'),
(8, 'Santa Tell Me', 'Ariana Grande', 'dance pop', '2014', '192', '62', '53', '-7', '29', '59', '204', '5', '12', '95', 'australia'),
(9, 'Ride It', 'Regard', 'pop edm', '2019', '118', '75', '88', '-4', '11', '88', '158', '18', '9', '95', 'australia'),
(10, 'Rockin\' Around The Christmas Tree', 'Brenda Lee', 'adult standards', '1964', '67', '47', '59', '-9', '51', '90', '126', '61', '5', '93', 'australia'),
(11, 'Happy Xmas (War Is Over) - Remastered', 'John Lennon', 'album rock', '2010', '147', '61', '33', '-11', '77', '40', '214', '32', '3', '92', 'australia'),
(12, 'It\'s the Most Wonderful Time of the Year', 'Andy Williams', 'adult standards', '1963', '202', '60', '24', '-8', '12', '78', '152', '77', '4', '92', 'australia'),
(13, 'Mistletoe', 'Justin Bieber', 'canadian pop', '2011', '162', '56', '66', '-9', '8', '85', '183', '50', '5', '92', 'australia'),
(14, 'Jingle Bell Rock', 'Bobby Helms', 'adult standards', '1992', '120', '42', '75', '-8', '7', '81', '131', '64', '4', '92', 'australia'),
(15, 'Let It Snow! Let It Snow! Let It Snow! (with The B. Swanson Quartet)', 'Frank Sinatra', 'adult standards', '1994', '142', '26', '65', '-13', '36', '84', '155', '90', '6', '91', 'australia'),
(16, 'White Christmas', 'Bing Crosby', 'adult standards', '1942', '131', '16', '32', '-16', '34', '25', '177', '67', '4', '89', 'australia'),
(17, 'The Christmas Song (Merry Christmas To You)', 'Nat King Cole', 'adult standards', '1962', '79', '21', '32', '-15', '14', '21', '192', '92', '3', '89', 'australia'),
(18, 'Have Yourself A Merry Little Christmas', 'Sam Smith', 'pop', '2014', '75', '18', '44', '-9', '32', '34', '171', '96', '4', '89', 'australia'),
(19, 'Jingle Bell Rock - Daryl\'s Version', 'Daryl Hall & John Oates', 'album rock', '1983', '129', '84', '67', '-4', '11', '84', '126', '61', '3', '88', 'australia'),
(20, 'Underneath the Tree', 'Kelly Clarkson', 'dance pop', '2013', '160', '81', '51', '-5', '21', '69', '230', '0', '5', '88', 'australia'),
(21, 'Do They Know It\'s Christmas? - 1984 Version', 'Band Aid', 'NA', '2004', '115', '64', '60', '-7', '10', '35', '223', '16', '4', '87', 'australia'),
(22, 'Step Into Christmas', 'Elton John', 'glam rock', '1973', '140', '93', '53', '-6', '31', '82', '272', '10', '4', '87', 'australia'),
(23, 'Run Rudolph Run - Single Version', 'Chuck Berry', 'blues rock', '1986', '152', '72', '68', '-11', '8', '96', '166', '81', '9', '87', 'australia'),
(24, 'Christmas Lights', 'Coldplay', 'permanent wave', '2010', '131', '42', '31', '-9', '8', '24', '242', '13', '3', '87', 'australia'),
(25, 'Blue Christmas', 'Elvis Presley', 'adult standards', '1957', '95', '27', '47', '-17', '14', '58', '129', '90', '4', '87', 'australia'),
(26, 'Adore You', 'Harry Styles', 'dance pop', '2019', '99', '77', '68', '-4', '10', '57', '207', '2', '5', '87', 'australia'),
(27, 'Fairytale of New York (feat. Kirsty MacColl)', 'The Pogues', 'celtic punk', '1988', '119', '65', '32', '-6', '24', '47', '272', '50', '3', '86', 'australia'),
(28, 'Last Christmas', 'Wham!', 'new wave pop', '1984', '108', '48', '74', '-12', '36', '95', '263', '19', '3', '85', 'australia'),
(29, 'Santa Claus Is Coming To Town', 'The Jackson 5', 'adult standards', '1970', '147', '76', '69', '-5', '18', '96', '144', '42', '3', '85', 'australia'),
(30, 'Winter Wonderland', 'Tony Bennett', 'adult standards', '1968', '115', '37', '45', '-14', '8', '63', '134', '83', '4', '85', 'australia'),
(31, 'It\'s Beginning to Look a Lot like Christmas', 'Michael Bublé', 'adult standards', '2011', '93', '22', '33', '-11', '34', '36', '207', '88', '3', '84', 'australia'),
(32, 'Driving Home for Christmas - 2019 Remaster', 'Chris Rea', 'album rock', '1987', '180', '58', '51', '-11', '18', '87', '242', '36', '4', '83', 'australia'),
(33, 'A Holly Jolly Christmas - Single Version', 'Burl Ives', 'adult standards', '1998', '140', '37', '67', '-13', '10', '86', '133', '59', '3', '83', 'australia'),
(34, 'Little Saint Nick - 1991 Remix', 'The Beach Boys', 'baroque pop', '1964', '131', '55', '60', '-9', '5', '97', '119', '11', '3', '83', 'australia'),
(35, 'Holly Jolly Christmas', 'Michael Bublé', 'adult standards', '2011', '151', '43', '61', '-9', '9', '74', '122', '86', '4', '82', 'australia'),
(36, 'Baby It\'s Cold Outside (duet with Michael Bublé)', 'Idina Menzel', 'hollywood', '2014', '113', '48', '55', '-9', '28', '56', '166', '65', '6', '81', 'australia'),
(37, 'Never Seen The Rain', 'Tones and I', 'australian pop', '2019', '92', '46', '67', '-6', '28', '27', '201', '43', '4', '81', 'australia'),
(38, 'What Christmas Means To Me', 'Stevie Wonder', 'adult standards', '1967', '167', '54', '48', '-10', '8', '82', '147', '24', '4', '80', 'australia'),
(39, 'Thank God It\'s Christmas - Non-Album Single', 'Queen', 'glam rock', '1984', '83', '42', '30', '-9', '23', '34', '262', '21', '3', '80', 'australia'),
(40, 'Rockin\' Around the Christmas Tree', 'Brenda Lee', 'adult standards', '1991', '141', '64', '68', '-9', '22', '83', '126', '57', '4', '79', 'australia'),
(41, '2000 Miles - 2007 Remaster', 'Pretenders', 'album rock', '1984', '66', '71', '22', '-9', '10', '45', '220', '0', '4', '78', 'australia'),
(42, 'Sleigh Ride', 'The Ronettes', 'adult standards', '2019', '92', '77', '53', '-7', '32', '85', '181', '40', '3', '77', 'australia'),
(43, 'Jingle Bells (feat. The Puppini Sisters)', 'Michael Bublé', 'adult standards', '2011', '123', '58', '71', '-6', '14', '83', '162', '70', '6', '75', 'australia'),
(44, 'Mary\'s Boy Child / Oh My Lord', 'Boney M.', 'disco', '2017', '113', '72', '78', '-9', '20', '93', '241', '28', '4', '75', 'australia'),
(45, 'Santa Claus Is Coming to Town', 'Michael Bublé', 'adult standards', '2011', '123', '40', '59', '-7', '4', '42', '172', '79', '5', '75', 'australia'),
(46, 'White Christmas (with Shania Twain)', 'Michael Bublé', 'adult standards', '2011', '127', '49', '61', '-7', '13', '64', '218', '44', '4', '73', 'australia'),
(47, 'Have Yourself A Merry Little Christmas', 'Ella Fitzgerald', 'adult standards', '1960', '112', '25', '61', '-9', '22', '48', '176', '96', '4', '73', 'australia'),
(48, 'Merry Christmas Everyone', 'Shakin\' Stevens', 'new wave pop', '1997', '102', '71', '76', '-10', '8', '96', '224', '16', '3', '69', 'australia'),
(49, '8 Days of Christmas', 'Destiny\'s Child', 'dance pop', '1999', '100', '84', '69', '-1', '6', '64', '210', '5', '19', '67', 'australia'),
(50, 'How to Make Gravy', 'Paul Kelly', 'australian alternative rock', '2019', '95', '72', '40', '-7', '25', '39', '269', '6', '4', '45', 'australia'),
(1, 'Dance Monkey', 'Tones and I', 'australian pop', '2019', '98', '59', '82', '-6', '15', '51', '209', '69', '9', '100', 'belgium'),
(2, 'ROXANNE', 'Arizona Zervas', 'pop rap', '2019', '117', '60', '62', '-6', '46', '46', '164', '5', '15', '99', 'belgium'),
(3, 'Memories', 'Maroon 5', 'pop', '2019', '91', '32', '76', '-7', '8', '57', '189', '84', '5', '99', 'belgium'),
(4, 'Circles', 'Post Malone', 'dfw rap', '2019', '120', '76', '70', '-3', '9', '55', '215', '19', '4', '99', 'belgium'),
(5, 'All I Want for Christmas Is You', 'Mariah Carey', 'dance pop', '1994', '150', '63', '34', '-7', '7', '35', '241', '16', '4', '98', 'belgium'),
(6, 'everything i wanted', 'Billie Eilish', 'electropop', '2019', '120', '23', '70', '-14', '11', '24', '245', '90', '10', '98', 'belgium'),
(7, 'Don\'t Start Now', 'Dua Lipa', 'dance pop', '2019', '124', '79', '79', '-5', '10', '68', '183', '1', '8', '97', 'belgium'),
(8, 'Blinding Lights', 'The Weeknd', 'canadian contemporary r&b', '2019', '171', '80', '51', '-4', '9', '35', '202', '0', '6', '96', 'belgium'),
(9, 'Someone You Loved', 'Lewis Capaldi', 'pop', '2019', '110', '41', '50', '-6', '11', '45', '182', '75', '3', '96', 'belgium'),
(10, 'bad guy', 'Billie Eilish', 'electropop', '2019', '135', '43', '70', '-11', '10', '56', '194', '33', '38', '96', 'belgium'),
(11, 'Santa Tell Me', 'Ariana Grande', 'dance pop', '2014', '192', '62', '53', '-7', '29', '59', '204', '5', '12', '95', 'belgium'),
(12, 'Ride It', 'Regard', 'pop edm', '2019', '118', '75', '88', '-4', '11', '88', '158', '18', '9', '95', 'belgium'),
(13, 'Rockin\' Around The Christmas Tree', 'Brenda Lee', 'adult standards', '1964', '67', '47', '59', '-9', '51', '90', '126', '61', '5', '93', 'belgium'),
(14, 'It\'s the Most Wonderful Time of the Year', 'Andy Williams', 'adult standards', '1963', '202', '60', '24', '-8', '12', '78', '152', '77', '4', '92', 'belgium'),
(15, 'Jingle Bell Rock', 'Bobby Helms', 'adult standards', '1992', '120', '42', '75', '-8', '7', '81', '131', '64', '4', '92', 'belgium'),
(16, 'Happy Xmas (War Is Over) - Remastered', 'John Lennon', 'album rock', '2010', '147', '61', '33', '-11', '77', '40', '214', '32', '3', '92', 'belgium'),
(17, 'Mistletoe', 'Justin Bieber', 'canadian pop', '2011', '162', '56', '66', '-9', '8', '85', '183', '50', '5', '92', 'belgium'),
(18, 'Let It Snow! Let It Snow! Let It Snow! (with The B. Swanson Quartet)', 'Frank Sinatra', 'adult standards', '1994', '142', '26', '65', '-13', '36', '84', '155', '90', '6', '91', 'belgium'),
(19, 'Wonderful Christmastime - Edited Version / Remastered 2011', 'Paul McCartney', 'album rock', '1980', '95', '51', '77', '-9', '7', '77', '228', '32', '3', '91', 'belgium'),
(20, 'White Christmas', 'Bing Crosby', 'adult standards', '1942', '131', '16', '32', '-16', '34', '25', '177', '67', '4', '89', 'belgium'),
(21, 'The Christmas Song (Merry Christmas To You)', 'Nat King Cole', 'adult standards', '1962', '79', '21', '32', '-15', '14', '21', '192', '92', '3', '89', 'belgium'),
(22, 'Let It Snow! Let It Snow! Let It Snow!', 'Dean Martin', 'adult standards', '1959', '134', '24', '45', '-14', '18', '70', '117', '91', '4', '89', 'belgium'),
(23, 'Have Yourself A Merry Little Christmas', 'Sam Smith', 'pop', '2014', '75', '18', '44', '-9', '32', '34', '171', '96', '4', '89', 'belgium'),
(24, 'Seńorita', 'Shawn Mendes', 'canadian pop', '2019', '117', '55', '76', '-6', '8', '75', '191', '4', '3', '89', 'belgium'),
(25, 'Underneath the Tree', 'Kelly Clarkson', 'dance pop', '2013', '160', '81', '51', '-5', '21', '69', '230', '0', '5', '88', 'belgium'),
(26, 'It\'s Beginning to Look a Lot Like Christmas (with Mitchell Ayres & His Orchestra)', 'Perry Como', 'adult standards', '1999', '113', '28', '73', '-12', '12', '72', '156', '76', '6', '88', 'belgium'),
(27, 'Christmas (Baby Please Come Home)', 'Mariah Carey', 'dance pop', '1994', '127', '78', '57', '-7', '11', '70', '153', '2', '3', '88', 'belgium'),
(28, 'Jingle Bell Rock - Daryl\'s Version', 'Daryl Hall & John Oates', 'album rock', '1983', '129', '84', '67', '-4', '11', '84', '126', '61', '3', '88', 'belgium'),
(29, 'Do They Know It\'s Christmas? - 1984 Version', 'Band Aid', 'NA', '2004', '115', '64', '60', '-7', '10', '35', '223', '16', '4', '87', 'belgium'),
(30, 'Blue Christmas', 'Elvis Presley', 'adult standards', '1957', '95', '27', '47', '-17', '14', '58', '129', '90', '4', '87', 'belgium'),
(31, 'Christmas Lights', 'Coldplay', 'permanent wave', '2010', '131', '42', '31', '-9', '8', '24', '242', '13', '3', '87', 'belgium'),
(32, 'Santa Baby', 'Ariana Grande', 'dance pop', '2013', '96', '78', '75', '-6', '28', '77', '171', '5', '14', '87', 'belgium'),
(33, 'Santa Claus Is Comin\' to Town - Live at C.W. Post College, Greenvale, NY - December 1975', 'Bruce Springsteen', 'heartland rock', '1981', '140', '67', '36', '-8', '73', '41', '268', '36', '5', '86', 'belgium'),
(34, 'Fairytale of New York (feat. Kirsty MacColl)', 'The Pogues', 'celtic punk', '1988', '119', '65', '32', '-6', '24', '47', '272', '50', '3', '86', 'belgium'),
(35, 'Last Christmas', 'Wham!', 'new wave pop', '1984', '108', '48', '74', '-12', '36', '95', '263', '19', '3', '85', 'belgium'),
(36, 'Feliz Navidad', 'José Feliciano', 'latin pop', '2001', '149', '86', '49', '-7', '35', '96', '182', '53', '4', '85', 'belgium'),
(37, 'Santa Claus Is Coming To Town', 'The Jackson 5', 'adult standards', '1970', '147', '76', '69', '-5', '18', '96', '144', '42', '3', '85', 'belgium'),
(38, 'It\'s Beginning to Look a Lot like Christmas', 'Michael Bublé', 'adult standards', '2011', '93', '22', '33', '-11', '34', '36', '207', '88', '3', '84', 'belgium'),
(39, 'I Saw Mommy Kissing Santa Claus', 'The Jackson 5', 'adult standards', '1970', '129', '71', '58', '-8', '82', '61', '181', '26', '5', '84', 'belgium'),
(40, 'My Only Wish (This Year)', 'Britney Spears', 'dance pop', '2019', '147', '73', '67', '-7', '20', '68', '255', '23', '3', '84', 'belgium'),
(41, 'Driving Home for Christmas - 2019 Remaster', 'Chris Rea', 'album rock', '1987', '180', '58', '51', '-11', '18', '87', '242', '36', '4', '83', 'belgium'),
(42, 'A Holly Jolly Christmas - Single Version', 'Burl Ives', 'adult standards', '1998', '140', '37', '67', '-13', '10', '86', '133', '59', '3', '83', 'belgium'),
(43, 'Holly Jolly Christmas', 'Michael Bublé', 'adult standards', '2011', '151', '43', '61', '-9', '9', '74', '122', '86', '4', '82', 'belgium'),
(44, 'Christmas (Baby Please Come Home)', 'Darlene Love', 'adult standards', '2019', '126', '76', '34', '-7', '8', '36', '166', '39', '5', '82', 'belgium'),
(45, 'Ne reviens pas', 'Gradur', 'french hip hop', '2019', '125', '78', '93', '-3', '17', '93', '189', '21', '6', '78', 'belgium'),
(46, 'Sleigh Ride', 'The Ronettes', 'adult standards', '2019', '92', '77', '53', '-7', '32', '85', '181', '40', '3', '77', 'belgium'),
(47, 'Santa Claus Is Coming to Town', 'Michael Bublé', 'adult standards', '2011', '123', '40', '59', '-7', '4', '42', '172', '79', '5', '75', 'belgium'),
(48, 'Hoe Het Danst', 'Marco Borsato', 'dutch cabaret', '2019', '130', '86', '69', '-3', '19', '42', '253', '6', '5', '75', 'belgium'),
(49, 'Merry Christmas Everyone', 'Shakin\' Stevens', 'new wave pop', '1997', '102', '71', '76', '-10', '8', '96', '224', '16', '3', '69', 'belgium'),
(50, 'This Christmas', 'Donny Hathaway', 'chicago soul', '1971', '93', '65', '63', '-9', '25', '68', '231', '29', '4', '59', 'belgium'),
(1, 'Dance Monkey', 'Tones and I', 'australian pop', '2019', '98', '59', '82', '-6', '15', '51', '209', '69', '9', '100', 'bolivia'),
(2, 'All I Want for Christmas Is You', 'Mariah Carey', 'dance pop', '1994', '150', '63', '34', '-7', '7', '35', '241', '16', '4', '98', 'bolivia'),
(3, 'RITMO (Bad Boys For Life)', 'The Black Eyed Peas', 'dance pop', '2019', '105', '72', '72', '-7', '24', '67', '222', '3', '7', '97', 'bolivia'),
(4, 'Tusa', 'KAROL G', 'latin', '2019', '101', '72', '80', '-3', '6', '57', '201', '30', '30', '96', 'bolivia'),
(5, 'Vete', 'Bad Bunny', 'latin', '2019', '92', '67', '89', '-4', '10', '53', '192', '4', '19', '94', 'bolivia'),
(6, 'China', 'Anuel AA', 'latin', '2019', '105', '81', '79', '-4', '8', '61', '302', '8', '9', '94', 'bolivia'),
(7, 'Fantasias', 'Rauw Alejandro', 'latin', '2019', '94', '70', '88', '-4', '6', '79', '200', '14', '7', '93', 'bolivia'),
(8, 'LA CANCIÓN', 'J Balvin', 'latin', '2019', '176', '65', '75', '-6', '11', '43', '243', '15', '32', '93', 'bolivia'),
(9, 'Callaita', 'Bad Bunny', 'latin', '2019', '176', '62', '61', '-5', '24', '24', '251', '60', '31', '92', 'bolivia'),
(10, 'Adicto (with Anuel AA & Ozuna)', 'Tainy', 'pop reggaeton', '2019', '80', '84', '73', '-5', '18', '62', '271', '2', '7', '92', 'bolivia'),
(11, 'Jingle Bell Rock', 'Bobby Helms', 'adult standards', '1992', '120', '42', '75', '-8', '7', '81', '131', '64', '4', '92', 'bolivia'),
(12, 'Whine Up', 'Nicky Jam', 'latin', '2019', '105', '67', '82', '-6', '10', '66', '215', '5', '8', '91', 'bolivia'),
(13, 'Que Tire Pa Lante', 'Daddy Yankee', 'latin', '2019', '94', '90', '66', '-3', '12', '71', '211', '5', '4', '91', 'bolivia'),
(14, 'Tutu', 'Camilo', 'colombian pop', '2019', '146', '83', '73', '-3', '7', '94', '179', '27', '5', '90', 'bolivia'),
(15, 'Si Te Vas', 'Sech', 'panamanian pop', '2019', '174', '64', '73', '-4', '14', '55', '205', '9', '13', '90', 'bolivia'),
(16, 'Indeciso', 'Reik', 'latin', '2019', '95', '75', '74', '-5', '11', '90', '217', '18', '5', '90', 'bolivia'),
(17, 'Quizas', 'Rich Music LTD', 'reggaeton', '2019', '176', '82', '73', '-2', '23', '68', '216', '3', '15', '90', 'bolivia'),
(18, 'Aventura', 'Lunay', 'latin', '2019', '92', '73', '73', '-3', '10', '88', '217', '22', '4', '90', 'bolivia'),
(19, 'Yo x Ti, Tu x Mi', 'ROSALĶA', 'r&b en espanol', '2019', '92', '76', '78', '-3', '14', '58', '201', '46', '23', '90', 'bolivia'),
(20, 'Hola - Remix', 'Dalex', 'latin', '2019', '182', '67', '65', '-6', '8', '34', '250', '47', '31', '89', 'bolivia'),
(21, 'Seńorita', 'Shawn Mendes', 'canadian pop', '2019', '117', '55', '76', '-6', '8', '75', '191', '4', '3', '89', 'bolivia'),
(22, 'No Me Conoce - Remix', 'Jhay Cortez', 'latin', '2019', '92', '79', '81', '-4', '9', '58', '309', '14', '7', '88', 'bolivia'),
(23, '0.95833333333333337', 'Maluma', 'latin', '2019', '96', '71', '78', '-5', '9', '68', '176', '22', '28', '88', 'bolivia'),
(24, 'QUE PRETENDES', 'J Balvin', 'latin', '2019', '93', '79', '64', '-4', '36', '94', '222', '3', '25', '88', 'bolivia'),
(25, 'DJ No Pare (feat. Zion, Dalex, Lenny Tavįrez) - Remix', 'Justin Quiles', 'latin', '2019', '170', '71', '74', '-4', '8', '83', '259', '5', '9', '88', 'bolivia'),
(26, 'Con Altura', 'ROSALĶA', 'r&b en espanol', '2019', '98', '69', '88', '-4', '5', '75', '162', '39', '12', '88', 'bolivia'),
(27, 'Otro Trago - Remix', 'Sech', 'panamanian pop', '2019', '176', '79', '73', '-2', '6', '76', '288', '7', '20', '88', 'bolivia'),
(28, 'Pa\' Olvidarme De Ella', 'Piso 21', 'colombian pop', '2019', '90', '54', '73', '-5', '14', '64', '227', '26', '5', '87', 'bolivia'),
(29, 'Bellaquita - Remix', 'Dalex', 'latin', '2019', '166', '72', '80', '-4', '18', '76', '305', '14', '8', '87', 'bolivia'),
(30, 'Qué Pena', 'Maluma', 'latin', '2019', '126', '66', '64', '-6', '34', '86', '213', '10', '36', '87', 'bolivia'),
(31, 'Blanco', 'J Balvin', 'latin', '2019', '100', '71', '87', '-5', '9', '59', '146', '3', '13', '87', 'bolivia'),
(32, 'Pa Mķ - Remix', 'Dalex', 'latin', '2019', '170', '62', '69', '-8', '16', '73', '361', '75', '22', '86', 'bolivia'),
(33, 'Otro Trago', 'Sech', 'panamanian pop', '2019', '176', '70', '75', '-5', '11', '62', '226', '14', '34', '86', 'bolivia'),
(34, 'Te Vi', 'Piso 21', 'colombian pop', '2018', '102', '78', '88', '-4', '9', '71', '232', '4', '12', '85', 'bolivia'),
(35, 'Feliz Navidad', 'José Feliciano', 'latin pop', '2001', '149', '86', '49', '-7', '35', '96', '182', '53', '4', '85', 'bolivia'),
(36, 'Last Christmas', 'Wham!', 'new wave pop', '1984', '108', '48', '74', '-12', '36', '95', '263', '19', '3', '85', 'bolivia'),
(37, 'Que Mas Pues - Remix', 'Sech', 'panamanian pop', '2019', '113', '66', '65', '-5', '12', '81', '306', '12', '20', '85', 'bolivia'),
(38, 'Bellaquita', 'Dalex', 'latin', '2019', '166', '70', '58', '-4', '17', '77', '205', '9', '11', '85', 'bolivia'),
(39, 'Sigues Con El', 'Dimelo Flow', 'latin', '2019', '88', '67', '88', '-3', '7', '68', '227', '11', '11', '83', 'bolivia'),
(40, 'Atrévete', 'Nicky Jam', 'latin', '2019', '184', '68', '55', '-4', '12', '59', '198', '31', '30', '83', 'bolivia'),
(41, 'Loco', 'Beéle', 'NA', '2019', '105', '56', '82', '-6', '5', '77', '204', '16', '17', '82', 'bolivia'),
(42, 'Amor a Primera Vista', 'Los Angeles Azules', 'grupera', '2019', '170', '76', '66', '-6', '41', '95', '221', '32', '6', '81', 'bolivia'),
(43, 'Una Vida Para Recordar', 'Piso 21', 'colombian pop', '2019', '182', '78', '70', '-3', '12', '48', '215', '7', '20', '81', 'bolivia'),
(44, 'Soltera - Remix', 'Lunay', 'latin', '2019', '92', '78', '80', '-4', '44', '80', '266', '36', '4', '80', 'bolivia'),
(45, 'Tal Vez', 'Paulo Londra', 'argentine hip hop', '2019', '162', '65', '86', '-2', '8', '74', '264', '25', '15', '80', 'bolivia'),
(46, 'Desconocidos', 'Mau y Ricky', 'latin', '2019', '174', '75', '72', '-5', '21', '68', '205', '12', '18', '79', 'bolivia'),
(47, 'Nunca Es Suficiente', 'Los Angeles Azules', 'grupera', '2018', '94', '50', '80', '-6', '9', '80', '266', '39', '4', '78', 'bolivia'),
(48, 'Detente', 'Mike Bahķa', 'colombian pop', '2019', '172', '59', '74', '-5', '11', '36', '182', '27', '35', '77', 'bolivia'),
(49, 'Adan y Eva', 'Paulo Londra', 'argentine hip hop', '2019', '172', '71', '77', '-4', '7', '72', '257', '32', '34', '76', 'bolivia'),
(50, 'La Difķcil', 'Camilo', 'colombian pop', '2019', '65', '36', '68', '-7', '16', '55', '159', '67', '11', '71', 'bolivia'),
(1, 'Dance Monkey', 'Tones and I', 'australian pop', '2019', '98', '59', '82', '-6', '15', '51', '209', '69', '9', '100', 'brazil'),
(2, 'Combatchy (feat. MC Rebecca)', 'Anitta', 'baile pop', '2019', '150', '73', '83', '-3', '2', '61', '158', '38', '8', '86', 'brazil'),
(3, 'Surtada - Remix Brega Funk', 'Dadį Boladćo', 'brega funk', '2019', '154', '55', '83', '-7', '18', '88', '153', '25', '6', '86', 'brazil'),
(4, 'Supera - Ao Vivo', 'Marķlia Mendonēa', 'sertanejo', '2019', '132', '74', '67', '-4', '96', '66', '148', '6', '6', '85', 'brazil'),
(5, 'Cheirosa - Ao Vivo', 'Jorge & Mateus', 'sertanejo', '2019', '152', '87', '53', '-3', '33', '71', '182', '24', '9', '85', 'brazil'),
(6, 'Liberdade Provisória', 'Henrique & Juliano', 'sertanejo universitario', '2019', '108', '68', '67', '-6', '92', '70', '188', '63', '5', '84', 'brazil'),
(7, 'Some que ele vem atrįs', 'Anitta', 'baile pop', '2019', '180', '80', '65', '-6', '38', '60', '195', '7', '17', '84', 'brazil'),
(8, 'Hit Contagiante', 'Felipe Original', 'brega funk', '2019', '170', '68', '82', '-7', '9', '96', '137', '13', '12', '84', 'brazil'),
(9, 'Gaiola É o Troco', 'MC Du Black', 'funk carioca', '2019', '150', '84', '72', '-3', '11', '85', '187', '42', '8', '84', 'brazil'),
(10, 'SENTADĆO', 'Pedro Sampaio', 'baile pop', '2019', '174', '87', '68', '-2', '22', '92', '143', '18', '6', '83', 'brazil'),
(11, 'Tijolćo - Ao Vivo', 'Jorge & Mateus', 'sertanejo', '2019', '119', '88', '64', '-4', '34', '69', '175', '47', '20', '83', 'brazil'),
(12, 'Ferida Curada', 'Zé Neto & Cristiano', 'sertanejo universitario', '2019', '146', '85', '49', '-3', '21', '55', '159', '49', '10', '83', 'brazil'),
(13, 'Chama Ela (feat. Pedro Sampaio)', 'Lexa', 'baile pop', '2019', '150', '84', '89', '-2', '6', '96', '120', '46', '15', '83', 'brazil'),
(14, '3 Batidas - Ao Vivo', 'Guilherme & Benuto', 'sertanejo pop', '2019', '118', '71', '55', '-5', '76', '53', '157', '61', '13', '82', 'brazil'),
(15, 'Quarta Cadeira - Ao Vivo', 'Matheus & Kauan', 'pop nacional', '2019', '76', '82', '56', '-5', '62', '60', '224', '59', '24', '82', 'brazil'),
(16, 'Contatinho - Ao Vivo Em Sćo Paulo / 2019', 'Leo Santana', 'axe', '2019', '152', '93', '79', '-5', '95', '81', '173', '22', '8', '82', 'brazil'),
(17, 'Invocada (Participaēćo especial de Léo Santana) - Ao vivo', 'Ludmilla', 'baile pop', '2019', '135', '86', '78', '-4', '93', '70', '157', '48', '5', '82', 'brazil'),
(18, 'Sentou e Gostou', 'MC JottaPź', 'funk carioca', '2019', '131', '67', '70', '-3', '9', '72', '163', '26', '40', '82', 'brazil'),
(19, 'Quando a vontade bater (Participaēćo especial de PK Delas)', 'Pk', 'brazilian edm', '2019', '150', '70', '62', '-6', '15', '70', '166', '54', '25', '82', 'brazil'),
(20, 'menina solta', 'Giulia Be', 'pop nacional', '2019', '92', '56', '63', '-7', '16', '67', '150', '33', '8', '82', 'brazil'),
(21, 'Lenēol Dobrado', 'Joćo Gustavo e Murilo', 'funk carioca', '2018', '125', '66', '71', '-5', '33', '67', '179', '36', '4', '81', 'brazil'),
(22, 'Bebi Liguei - Ao Vivo', 'Marķlia Mendonēa', 'sertanejo', '2019', '154', '80', '60', '-4', '74', '68', '160', '36', '20', '81', 'brazil'),
(23, 'S de Saudade', 'Luķza & Maurķlio', 'sertanejo pop', '2019', '124', '71', '71', '-4', '13', '79', '175', '62', '5', '81', 'brazil'),
(24, 'Serenata - Ao Vivo', 'Marķlia Mendonēa', 'sertanejo', '2019', '132', '71', '71', '-6', '97', '74', '156', '10', '9', '81', 'brazil'),
(25, 'Todo Mundo Vai Sofrer - Ao Vivo', 'Marķlia Mendonēa', 'sertanejo', '2019', '111', '74', '62', '-4', '41', '58', '155', '28', '7', '81', 'brazil'),
(26, 'Verdinha', 'Ludmilla', 'baile pop', '2019', '138', '95', '85', '-4', '12', '63', '160', '35', '12', '81', 'brazil'),
(27, 'choque térmico - ao vivo', 'Luan Santana', 'funk carioca', '2019', '127', '76', '74', '-6', '83', '73', '180', '34', '4', '81', 'brazil'),
(28, 'Ela Vem', 'MC G15', 'brega funk', '2019', '185', '63', '62', '-7', '7', '59', '197', '62', '55', '81', 'brazil'),
(29, 'A Culpa é do Meu Grau (feat. Zé Neto & Cristiano) - Ao Vivo em Brasķlia', 'Diego & Victor Hugo', 'sertanejo pop', '2019', '119', '88', '54', '-3', '93', '63', '183', '72', '10', '80', 'brazil'),
(30, 'Para, Pensa e Volta - Ao Vivo', 'Yasmin Santos', 'sertanejo pop', '2019', '112', '79', '61', '-3', '24', '57', '174', '25', '4', '80', 'brazil'),
(31, 'Algo Mais (Amante) - Ao Vivo', 'Xand Avićo', 'funk carioca', '2019', '140', '84', '70', '-3', '75', '67', '232', '28', '6', '80', 'brazil'),
(32, 'Espaēosa Demais - Ao Vivo', 'Felipe Araśjo', 'funk carioca', '2018', '160', '89', '68', '-4', '23', '71', '179', '38', '8', '80', 'brazil'),
(33, 'Vou Ter Que Superar - Ao Vivo', 'Matheus & Kauan', 'pop nacional', '2019', '106', '72', '51', '-6', '87', '42', '189', '77', '6', '80', 'brazil'),
(34, 'To Voando Alto', 'Mc Poze do Rodo', 'funk carioca', '2019', '145', '68', '89', '-3', '8', '80', '137', '31', '17', '80', 'brazil'),
(35, 'Aķ Eu Bebo - Ao Vivo', 'Maiara & Maraisa', 'sertanejo universitario', '2019', '136', '68', '83', '-5', '41', '85', '174', '48', '7', '79', 'brazil'),
(36, 'Com ou Sem Mim (Ao Vivo em Fortaleza)', 'Gustavo Mioto', 'sertanejo', '2019', '142', '72', '61', '-4', '96', '30', '202', '16', '5', '79', 'brazil'),
(37, 'Se Prepara 2', 'Mc Livinho', 'funk carioca', '2019', '130', '45', '65', '-9', '11', '36', '147', '11', '52', '79', 'brazil'),
(38, 'A Gente Fez Amor - Ao Vivo', 'Gusttavo Lima', 'sertanejo universitario', '2019', '134', '94', '79', '-2', '96', '83', '238', '37', '3', '78', 'brazil'),
(39, 'Relógio Parado (Ao Vivo)', 'Diego & Arnaldo', 'sertanejo', '2019', '125', '94', '74', '-1', '97', '73', '181', '5', '5', '78', 'brazil'),
(40, 'Solteiro Nćo Trai - Ao Vivo', 'Gustavo Mioto', 'sertanejo', '2018', '158', '83', '49', '-3', '96', '60', '187', '48', '20', '78', 'brazil'),
(41, 'Fingindo Maturidade - Ao Vivo', 'Mano Walter', 'forro', '2019', '166', '92', '58', '-3', '94', '74', '189', '29', '10', '77', 'brazil'),
(42, 'Įudio - Ao Vivo em Brasķlia', 'Diego & Victor Hugo', 'sertanejo pop', '2019', '110', '81', '61', '-5', '42', '45', '190', '52', '4', '77', 'brazil'),
(43, 'Dois Lados', 'Wesley Safadćo', 'forro', '2019', '160', '85', '66', '-4', '10', '93', '147', '42', '5', '77', 'brazil'),
(44, 'Mil Anos - Recorded At Mosh Studios, Sćo Paulo', 'Jorge & Mateus', 'sertanejo', '2019', '135', '70', '62', '-8', '8', '45', '189', '29', '7', '74', 'brazil'),
(45, 'quando a bad bater - ao vivo', 'Luan Santana', 'funk carioca', '2019', '128', '79', '65', '-5', '53', '53', '180', '30', '4', '71', 'brazil'),
(46, 'Fake News - Ao Vivo', 'Gustavo Mioto', 'sertanejo', '2019', '114', '64', '80', '-3', '97', '73', '175', '47', '5', '70', 'brazil'),
(47, 'Bebi Minha Bicicleta (Coraēćo Falido) - Ao Vivo', 'Zé Neto & Cristiano', 'sertanejo universitario', '2019', '196', '90', '39', '-4', '91', '47', '182', '45', '41', '68', 'brazil'),
(48, 'Carreira Solo - Ao Vivo', 'Gusttavo Lima', 'sertanejo universitario', '2019', '127', '93', '81', '-1', '87', '92', '216', '41', '4', '67', 'brazil'),
(49, 'Quem Traiu Levou - Ao Vivo', 'Gusttavo Lima', 'sertanejo universitario', '2019', '174', '96', '59', '-2', '32', '83', '154', '32', '8', '66', 'brazil'),
(50, 'Tiro Certo - Ao Vivo', 'Zé Felipe', 'funk carioca', '2019', '130', '91', '71', '-5', '71', '69', '179', '56', '7', '65', 'brazil'),
(1, 'Dance Monkey', 'Tones and I', 'australian pop', '2019', '98', '59', '82', '-6', '15', '51', '209', '69', '9', '100', 'canada'),
(2, 'ROXANNE', 'Arizona Zervas', 'pop rap', '2019', '117', '60', '62', '-6', '46', '46', '164', '5', '15', '99', 'canada'),
(3, 'All I Want for Christmas Is You', 'Mariah Carey', 'dance pop', '1994', '150', '63', '34', '-7', '7', '35', '241', '16', '4', '98', 'canada'),
(4, 'Santa Tell Me', 'Ariana Grande', 'dance pop', '2014', '192', '62', '53', '-7', '29', '59', '204', '5', '12', '95', 'canada'),
(5, 'Rockin\' Around The Christmas Tree', 'Brenda Lee', 'adult standards', '1964', '67', '47', '59', '-9', '51', '90', '126', '61', '5', '93', 'canada');
INSERT INTO `top50songs` (`Rank`, `Title`, `Artist`, `genre`, `Year`, `bpm`, `nrgy`, `dnce`, `dB`, `live`, `val`, `dur`, `acous`, `scph`, `pop`, `country`) VALUES
(6, 'It\'s the Most Wonderful Time of the Year', 'Andy Williams', 'adult standards', '1963', '202', '60', '24', '-8', '12', '78', '152', '77', '4', '92', 'canada'),
(7, 'Jingle Bell Rock', 'Bobby Helms', 'adult standards', '1992', '120', '42', '75', '-8', '7', '81', '131', '64', '4', '92', 'canada'),
(8, 'Happy Xmas (War Is Over) - Remastered', 'John Lennon', 'album rock', '2010', '147', '61', '33', '-11', '77', '40', '214', '32', '3', '92', 'canada'),
(9, 'Mistletoe', 'Justin Bieber', 'canadian pop', '2011', '162', '56', '66', '-9', '8', '85', '183', '50', '5', '92', 'canada'),
(10, 'Let It Snow! Let It Snow! Let It Snow! (with The B. Swanson Quartet)', 'Frank Sinatra', 'adult standards', '1994', '142', '26', '65', '-13', '36', '84', '155', '90', '6', '91', 'canada'),
(11, 'Wonderful Christmastime - Edited Version / Remastered 2011', 'Paul McCartney', 'album rock', '1980', '95', '51', '77', '-9', '7', '77', '228', '32', '3', '91', 'canada'),
(12, 'The Christmas Song (Merry Christmas To You)', 'Nat King Cole', 'adult standards', '1962', '79', '21', '32', '-15', '14', '21', '192', '92', '3', '89', 'canada'),
(13, 'White Christmas', 'Bing Crosby', 'adult standards', '1942', '131', '16', '32', '-16', '34', '25', '177', '67', '4', '89', 'canada'),
(14, 'Let It Snow! Let It Snow! Let It Snow!', 'Dean Martin', 'adult standards', '1959', '134', '24', '45', '-14', '18', '70', '117', '91', '4', '89', 'canada'),
(15, 'Have Yourself A Merry Little Christmas', 'Sam Smith', 'pop', '2014', '75', '18', '44', '-9', '32', '34', '171', '96', '4', '89', 'canada'),
(16, 'The Box', 'Roddy Ricch', 'melodic rap', '2019', '117', '59', '90', '-7', '79', '64', '197', '10', '6', '89', 'canada'),
(17, 'Underneath the Tree', 'Kelly Clarkson', 'dance pop', '2013', '160', '81', '51', '-5', '21', '69', '230', '0', '5', '88', 'canada'),
(18, 'Jingle Bell Rock - Daryl\'s Version', 'Daryl Hall & John Oates', 'album rock', '1983', '129', '84', '67', '-4', '11', '84', '126', '61', '3', '88', 'canada'),
(19, 'It\'s Beginning to Look a Lot Like Christmas (with Mitchell Ayres & His Orchestra)', 'Perry Como', 'adult standards', '1999', '113', '28', '73', '-12', '12', '72', '156', '76', '6', '88', 'canada'),
(20, 'Christmas (Baby Please Come Home)', 'Mariah Carey', 'dance pop', '1994', '127', '78', '57', '-7', '11', '70', '153', '2', '3', '88', 'canada'),
(21, 'Do They Know It\'s Christmas? - 1984 Version', 'Band Aid', 'NA', '2004', '115', '64', '60', '-7', '10', '35', '223', '16', '4', '87', 'canada'),
(22, 'Blue Christmas', 'Elvis Presley', 'adult standards', '1957', '95', '27', '47', '-17', '14', '58', '129', '90', '4', '87', 'canada'),
(23, 'Run Rudolph Run - Single Version', 'Chuck Berry', 'blues rock', '1986', '152', '72', '68', '-11', '8', '96', '166', '81', '9', '87', 'canada'),
(24, 'Santa Baby', 'Ariana Grande', 'dance pop', '2013', '96', '78', '75', '-6', '28', '77', '171', '5', '14', '87', 'canada'),
(25, 'Like It\'s Christmas', 'Jonas Brothers', 'boy band', '2019', '146', '57', '73', '-6', '5', '61', '201', '2', '10', '87', 'canada'),
(26, 'Step Into Christmas', 'Elton John', 'glam rock', '1973', '140', '93', '53', '-6', '31', '82', '272', '10', '4', '87', 'canada'),
(27, 'Christmas Lights', 'Coldplay', 'permanent wave', '2010', '131', '42', '31', '-9', '8', '24', '242', '13', '3', '87', 'canada'),
(28, 'Fairytale of New York (feat. Kirsty MacColl)', 'The Pogues', 'celtic punk', '1988', '119', '65', '32', '-6', '24', '47', '272', '50', '3', '86', 'canada'),
(29, 'Santa Claus Is Comin\' to Town - Live at C.W. Post College, Greenvale, NY - December 1975', 'Bruce Springsteen', 'heartland rock', '1981', '140', '67', '36', '-8', '73', '41', '268', '36', '5', '86', 'canada'),
(30, 'Last Christmas', 'Wham!', 'new wave pop', '1984', '108', '48', '74', '-12', '36', '95', '263', '19', '3', '85', 'canada'),
(31, 'Feliz Navidad', 'José Feliciano', 'latin pop', '2001', '149', '86', '49', '-7', '35', '96', '182', '53', '4', '85', 'canada'),
(32, 'Santa Claus Is Coming To Town', 'The Jackson 5', 'adult standards', '1970', '147', '76', '69', '-5', '18', '96', '144', '42', '3', '85', 'canada'),
(33, 'Winter Wonderland', 'Tony Bennett', 'adult standards', '1968', '115', '37', '45', '-14', '8', '63', '134', '83', '4', '85', 'canada'),
(34, 'Baby, It\'s Cold Outside', 'Brett Eldredge', 'contemporary country', '2016', '114', '57', '58', '-5', '27', '68', '174', '74', '4', '85', 'canada'),
(35, 'It\'s Beginning to Look a Lot like Christmas', 'Michael Bublé', 'adult standards', '2011', '93', '22', '33', '-11', '34', '36', '207', '88', '3', '84', 'canada'),
(36, 'I Saw Mommy Kissing Santa Claus', 'The Jackson 5', 'adult standards', '1970', '129', '71', '58', '-8', '82', '61', '181', '26', '5', '84', 'canada'),
(37, 'Joy To The World', 'Nat King Cole', 'adult standards', '1962', '102', '34', '55', '-10', '11', '66', '85', '82', '3', '84', 'canada'),
(38, 'Do You Hear What I Hear? - Remastered 2006', 'Bing Crosby', 'adult standards', '2006', '102', '25', '57', '-15', '20', '41', '166', '81', '3', '84', 'canada'),
(39, 'A Holly Jolly Christmas - Single Version', 'Burl Ives', 'adult standards', '1998', '140', '37', '67', '-13', '10', '86', '133', '59', '3', '83', 'canada'),
(40, 'Driving Home for Christmas - 2019 Remaster', 'Chris Rea', 'album rock', '1987', '180', '58', '51', '-11', '18', '87', '242', '36', '4', '83', 'canada'),
(41, 'Holly Jolly Christmas', 'Michael Bublé', 'adult standards', '2011', '151', '43', '61', '-9', '9', '74', '122', '86', '4', '82', 'canada'),
(42, 'Christmas (Baby Please Come Home)', 'Darlene Love', 'adult standards', '2019', '126', '76', '34', '-7', '8', '36', '166', '39', '5', '82', 'canada'),
(43, 'Mistletoe And Holly - Remastered 1999', 'Frank Sinatra', 'adult standards', '1957', '110', '10', '61', '-14', '8', '34', '136', '80', '4', '81', 'canada'),
(44, 'What Christmas Means To Me', 'Stevie Wonder', 'adult standards', '1967', '167', '54', '48', '-10', '8', '82', '147', '24', '4', '80', 'canada'),
(45, 'Baby, It\'s Cold Outside', 'Dean Martin', 'adult standards', '1959', '130', '20', '47', '-16', '5', '54', '144', '88', '6', '79', 'canada'),
(46, 'I\'ll Be Home for Christmas', 'Michael Bublé', 'adult standards', '2011', '82', '11', '25', '-14', '16', '15', '268', '94', '3', '78', 'canada'),
(47, 'Sleigh Ride', 'The Ronettes', 'adult standards', '2019', '92', '77', '53', '-7', '32', '85', '181', '40', '3', '77', 'canada'),
(48, 'Santa Claus Is Coming to Town', 'Michael Bublé', 'adult standards', '2011', '123', '40', '59', '-7', '4', '42', '172', '79', '5', '75', 'canada'),
(49, 'Jingle Bells (feat. The Puppini Sisters)', 'Michael Bublé', 'adult standards', '2011', '123', '58', '71', '-6', '14', '83', '162', '70', '6', '75', 'canada'),
(50, 'Merry Christmas Everyone', 'Shakin\' Stevens', 'new wave pop', '1997', '102', '71', '76', '-10', '8', '96', '224', '16', '3', '69', 'canada'),
(1, 'Dance Monkey', 'Tones and I', 'australian pop', '2019', '98', '59', '82', '-6', '15', '51', '209', '69', '9', '100', 'germany'),
(2, 'ROXANNE', 'Arizona Zervas', 'pop rap', '2019', '117', '60', '62', '-6', '46', '46', '164', '5', '15', '99', 'germany'),
(3, 'All I Want for Christmas Is You', 'Mariah Carey', 'dance pop', '1994', '150', '63', '34', '-7', '7', '35', '241', '16', '4', '98', 'germany'),
(4, 'Falling', 'Trevor Daniel', 'alternative r&b', '2018', '127', '43', '78', '-9', '9', '24', '159', '12', '4', '97', 'germany'),
(5, 'Blinding Lights', 'The Weeknd', 'canadian contemporary r&b', '2019', '171', '80', '51', '-4', '9', '35', '202', '0', '6', '96', 'germany'),
(6, 'Santa Tell Me', 'Ariana Grande', 'dance pop', '2014', '192', '62', '53', '-7', '29', '59', '204', '5', '12', '95', 'germany'),
(7, 'Ride It', 'Regard', 'pop edm', '2019', '118', '75', '88', '-4', '11', '88', '158', '18', '9', '95', 'germany'),
(8, 'Happy Xmas (War Is Over) - Remastered', 'John Lennon', 'album rock', '2010', '147', '61', '33', '-11', '77', '40', '214', '32', '3', '92', 'germany'),
(9, 'Mistletoe', 'Justin Bieber', 'canadian pop', '2011', '162', '56', '66', '-9', '8', '85', '183', '50', '5', '92', 'germany'),
(10, 'Jingle Bell Rock', 'Bobby Helms', 'adult standards', '1992', '120', '42', '75', '-8', '7', '81', '131', '64', '4', '92', 'germany'),
(11, 'It\'s the Most Wonderful Time of the Year', 'Andy Williams', 'adult standards', '1963', '202', '60', '24', '-8', '12', '78', '152', '77', '4', '92', 'germany'),
(12, 'Wonderful Christmastime - Edited Version / Remastered 2011', 'Paul McCartney', 'album rock', '1980', '95', '51', '77', '-9', '7', '77', '228', '32', '3', '91', 'germany'),
(13, 'Ayy Macarena', 'Tyga', 'pop rap', '2019', '96', '63', '82', '-6', '7', '72', '132', '13', '23', '90', 'germany'),
(14, 'Have Yourself A Merry Little Christmas', 'Sam Smith', 'pop', '2014', '75', '18', '44', '-9', '32', '34', '171', '96', '4', '89', 'germany'),
(15, 'Underneath the Tree', 'Kelly Clarkson', 'dance pop', '2013', '160', '81', '51', '-5', '21', '69', '230', '0', '5', '88', 'germany'),
(16, 'Jingle Bell Rock - Daryl\'s Version', 'Daryl Hall & John Oates', 'album rock', '1983', '129', '84', '67', '-4', '11', '84', '126', '61', '3', '88', 'germany'),
(17, 'Do They Know It\'s Christmas? - 1984 Version', 'Band Aid', 'NA', '2004', '115', '64', '60', '-7', '10', '35', '223', '16', '4', '87', 'germany'),
(18, 'Christmas Lights', 'Coldplay', 'permanent wave', '2010', '131', '42', '31', '-9', '8', '24', '242', '13', '3', '87', 'germany'),
(19, 'Step Into Christmas', 'Elton John', 'glam rock', '1973', '140', '93', '53', '-6', '31', '82', '272', '10', '4', '87', 'germany'),
(20, 'Last Christmas', 'Wham!', 'new wave pop', '1984', '108', '48', '74', '-12', '36', '95', '263', '19', '3', '85', 'germany'),
(21, 'Feliz Navidad', 'José Feliciano', 'latin pop', '2001', '149', '86', '49', '-7', '35', '96', '182', '53', '4', '85', 'germany'),
(22, 'It\'s Beginning to Look a Lot like Christmas', 'Michael Bublé', 'adult standards', '2011', '93', '22', '33', '-11', '34', '36', '207', '88', '3', '84', 'germany'),
(23, 'My Only Wish (This Year)', 'Britney Spears', 'dance pop', '2019', '147', '73', '67', '-7', '20', '68', '255', '23', '3', '84', 'germany'),
(24, 'Rudolph The Red-Nosed Reindeer', 'Dean Martin', 'adult standards', '1959', '136', '20', '48', '-17', '9', '86', '136', '92', '3', '84', 'germany'),
(25, 'Driving Home for Christmas - 2019 Remaster', 'Chris Rea', 'album rock', '1987', '180', '58', '51', '-11', '18', '87', '242', '36', '4', '83', 'germany'),
(26, 'COLT', 'Samra', 'german hip hop', '2019', '90', '53', '54', '-6', '10', '18', '180', '35', '43', '83', 'germany'),
(27, 'Der Bratan bleibt der gleiche', 'Capital Bra', 'german hip hop', '2019', '96', '70', '61', '-4', '57', '67', '192', '13', '37', '83', 'germany'),
(28, 'Roller', 'Apache 207', 'german hip hop', '2019', '128', '76', '94', '-6', '19', '68', '157', '3', '17', '82', 'germany'),
(29, 'Hallelujah', 'Pentatonix', 'a cappella', '2016', '119', '38', '32', '-7', '34', '37', '269', '45', '4', '82', 'germany'),
(30, '2002', 'Sido', 'german hip hop', '2019', '160', '69', '66', '-8', '10', '49', '237', '21', '24', '82', 'germany'),
(31, 'Doch in der Nacht', 'Apache 207', 'german hip hop', '2019', '131', '83', '90', '-7', '21', '71', '192', '12', '7', '81', 'germany'),
(32, 'Thank God It\'s Christmas - Non-Album Single', 'Queen', 'glam rock', '1984', '83', '42', '30', '-9', '23', '34', '262', '21', '3', '80', 'germany'),
(33, 'Alien', 'RIN', 'german cloud rap', '2019', '138', '60', '84', '-6', '11', '85', '209', '30', '6', '80', 'germany'),
(34, 'Wonderful Dream (Holidays Are Coming) - Radio Version', 'Melanie Thornton', 'NA', '2001', '150', '68', '58', '-5', '26', '52', '232', '11', '3', '79', 'germany'),
(35, '200 km/h', 'Apache 207', 'german hip hop', '2019', '148', '67', '90', '-6', '11', '41', '163', '27', '16', '79', 'germany'),
(36, 'Wieso tust Du dir das an?', 'Apache 207', 'german hip hop', '2019', '134', '48', '86', '-7', '12', '46', '176', '29', '6', '79', 'germany'),
(37, 'Merry Xmas Everybody', 'Slade', 'album rock', '1973', '130', '80', '41', '-3', '18', '47', '223', '22', '4', '79', 'germany'),
(38, '110', 'Capital Bra', 'german hip hop', '2019', '179', '75', '48', '-5', '10', '42', '195', '53', '43', '76', 'germany'),
(39, 'Nur zur Info', 'Ufo361', 'german cloud rap', '2019', '89', '37', '73', '-12', '11', '23', '142', '17', '44', '75', 'germany'),
(40, 'Mit Dir', 'Loredana', 'kosovan pop', '2019', '196', '53', '75', '-6', '6', '64', '158', '16', '34', '75', 'germany'),
(41, 'Christmas Time', 'Bryan Adams', 'album rock', '2019', '77', '58', '50', '-4', '10', '32', '243', '47', '3', '72', 'germany'),
(42, 'Keine Liebe', 'RIN', 'german cloud rap', '2019', '104', '80', '80', '-5', '31', '57', '198', '13', '4', '72', 'germany'),
(43, 'The Best Side Of Life', 'Sarah Connor', 'german pop', '2006', '91', '63', '63', '-5', '12', '55', '229', '56', '3', '72', 'germany'),
(44, 'In der Weihnachtsbäckerei', 'Rolf Zuckowski', 'german pop', '1987', '146', '45', '82', '-9', '20', '92', '173', '49', '4', '72', 'germany'),
(45, 'STAR', 'Nimo', 'german hip hop', '2019', '108', '82', '81', '-5', '17', '60', '162', '38', '9', '71', 'germany'),
(46, 'Merry Christmas Everyone', 'Shakin\' Stevens', 'new wave pop', '1997', '102', '71', '76', '-10', '8', '96', '224', '16', '3', '69', 'germany'),
(47, 'Vor der Tür', 'Gzuz', 'deep german hip hop', '2019', '101', '73', '86', '-6', '10', '20', '171', '2', '19', '63', 'germany'),
(48, 'KEIN SCHLAF', 'Nimo', 'german hip hop', '2019', '174', '70', '61', '-6', '12', '43', '200', '31', '17', '61', 'germany'),
(49, 'KARMA', 'Nimo', 'german hip hop', '2019', '160', '64', '69', '-6', '33', '53', '255', '14', '8', '59', 'germany'),
(50, 'Skifahren', 'The Cratez', 'german hip hop', '2019', '134', '71', '72', '-7', '15', '44', '163', '22', '25', '51', 'germany'),
(1, 'Dance Monkey', 'Tones and I', 'australian pop', '2019', '98', '59', '82', '-6', '15', '51', '209', '69', '9', '100', 'colombia'),
(2, 'RITMO (Bad Boys For Life)', 'The Black Eyed Peas', 'dance pop', '2019', '105', '72', '72', '-7', '24', '67', '222', '3', '7', '97', 'colombia'),
(3, 'Tusa', 'KAROL G', 'latin', '2019', '101', '72', '80', '-3', '6', '57', '201', '30', '30', '96', 'colombia'),
(4, 'China', 'Anuel AA', 'latin', '2019', '105', '81', '79', '-4', '8', '61', '302', '8', '9', '94', 'colombia'),
(5, 'Vete', 'Bad Bunny', 'latin', '2019', '92', '67', '89', '-4', '10', '53', '192', '4', '19', '94', 'colombia'),
(6, 'Fantasias', 'Rauw Alejandro', 'latin', '2019', '94', '70', '88', '-4', '6', '79', '200', '14', '7', '93', 'colombia'),
(7, 'LA CANCIÓN', 'J Balvin', 'latin', '2019', '176', '65', '75', '-6', '11', '43', '243', '15', '32', '93', 'colombia'),
(8, 'Callaita', 'Bad Bunny', 'latin', '2019', '176', '62', '61', '-5', '24', '24', '251', '60', '31', '92', 'colombia'),
(9, 'Adicto (with Anuel AA & Ozuna)', 'Tainy', 'pop reggaeton', '2019', '80', '84', '73', '-5', '18', '62', '271', '2', '7', '92', 'colombia'),
(10, 'Whine Up', 'Nicky Jam', 'latin', '2019', '105', '67', '82', '-6', '10', '66', '215', '5', '8', '91', 'colombia'),
(11, 'Que Tire Pa Lante', 'Daddy Yankee', 'latin', '2019', '94', '90', '66', '-3', '12', '71', '211', '5', '4', '91', 'colombia'),
(12, 'Quizas', 'Rich Music LTD', 'reggaeton', '2019', '176', '82', '73', '-2', '23', '68', '216', '3', '15', '90', 'colombia'),
(13, 'Indeciso', 'Reik', 'latin', '2019', '95', '75', '74', '-5', '11', '90', '217', '18', '5', '90', 'colombia'),
(14, 'Tutu', 'Camilo', 'colombian pop', '2019', '146', '83', '73', '-3', '7', '94', '179', '27', '5', '90', 'colombia'),
(15, 'Si Te Vas', 'Sech', 'panamanian pop', '2019', '174', '64', '73', '-4', '14', '55', '205', '9', '13', '90', 'colombia'),
(16, 'Aventura', 'Lunay', 'latin', '2019', '92', '73', '73', '-3', '10', '88', '217', '22', '4', '90', 'colombia'),
(17, 'Hola - Remix', 'Dalex', 'latin', '2019', '182', '67', '65', '-6', '8', '34', '250', '47', '31', '89', 'colombia'),
(18, 'Seńorita', 'Shawn Mendes', 'canadian pop', '2019', '117', '55', '76', '-6', '8', '75', '191', '4', '3', '89', 'colombia'),
(19, 'No Me Conoce - Remix', 'Jhay Cortez', 'latin', '2019', '92', '79', '81', '-4', '9', '58', '309', '14', '7', '88', 'colombia'),
(20, 'QUE PRETENDES', 'J Balvin', 'latin', '2019', '93', '79', '64', '-4', '36', '94', '222', '3', '25', '88', 'colombia'),
(21, 'Con Altura', 'ROSALĶA', 'r&b en espanol', '2019', '98', '69', '88', '-4', '5', '75', '162', '39', '12', '88', 'colombia'),
(22, '0.95833333333333337', 'Maluma', 'latin', '2019', '96', '71', '78', '-5', '9', '68', '176', '22', '28', '88', 'colombia'),
(23, 'Blanco', 'J Balvin', 'latin', '2019', '100', '71', '87', '-5', '9', '59', '146', '3', '13', '87', 'colombia'),
(24, 'Qué Pena', 'Maluma', 'latin', '2019', '126', '66', '64', '-6', '34', '86', '213', '10', '36', '87', 'colombia'),
(25, 'Pa\' Olvidarme De Ella', 'Piso 21', 'colombian pop', '2019', '90', '54', '73', '-5', '14', '64', '227', '26', '5', '87', 'colombia'),
(26, 'Bellaquita - Remix', 'Dalex', 'latin', '2019', '166', '72', '80', '-4', '18', '76', '305', '14', '8', '87', 'colombia'),
(27, 'Sigues Con El', 'Dimelo Flow', 'latin', '2019', '88', '67', '88', '-3', '7', '68', '227', '11', '11', '83', 'colombia'),
(28, 'Loco', 'Beéle', 'NA', '2019', '105', '56', '82', '-6', '5', '77', '204', '16', '17', '82', 'colombia'),
(29, 'Soltera - Remix', 'Lunay', 'latin', '2019', '92', '78', '80', '-4', '44', '80', '266', '36', '4', '80', 'colombia'),
(30, 'Alguien Me Gusta', 'Andy Rivera', 'latin', '2019', '93', '52', '67', '-4', '37', '81', '169', '45', '4', '70', 'colombia'),
(31, 'Dulce Pecado', 'Jessi Uribe', 'colombian pop', '2019', '176', '51', '64', '-4', '13', '77', '175', '61', '5', '63', 'colombia'),
(32, 'En Barranquilla Me Quedo', 'Joe Arroyo', 'cumbia', '2009', '104', '79', '62', '-6', '9', '75', '312', '18', '5', '63', 'colombia'),
(33, 'Los sabanales', 'Calixto Ochoa', 'cumbia', '1971', '124', '70', '80', '-6', '3', '78', '162', '10', '4', '58', 'colombia'),
(34, 'Traicionera', 'Pastor Lopez', 'cumbia', '2012', '130', '59', '78', '-5', '19', '96', '215', '53', '4', '55', 'colombia'),
(35, 'La Noche', 'Joe Arroyo', 'cumbia', '1999', '106', '68', '73', '-5', '6', '83', '264', '25', '4', '55', 'colombia'),
(36, 'Adonay', 'Rodolfo Aicardi', 'classic colombian pop', '2014', '118', '66', '76', '-6', '6', '97', '187', '67', '5', '54', 'colombia'),
(37, 'El Hijo Ausente', 'Pastor Lopez', 'cumbia', '2012', '107', '73', '76', '-6', '13', '85', '173', '63', '6', '54', 'colombia'),
(38, 'Tabaco y Ron', 'Rodolfo Aicardi', 'classic colombian pop', '2012', '103', '77', '76', '-7', '11', '96', '243', '18', '4', '54', 'colombia'),
(39, 'Aventurero', 'Yeison Jimenez', 'colombian pop', '2019', '93', '63', '85', '-4', '13', '90', '190', '51', '3', '54', 'colombia'),
(40, 'Loquito por Ti', 'Armando Hernandez', 'chicha', '2012', '107', '76', '79', '-4', '5', '86', '287', '41', '12', '54', 'colombia'),
(41, 'Las Cuatro Fiestas', 'Diomedes Diaz', 'cumbia', '2006', '131', '92', '51', '-5', '15', '97', '275', '16', '26', '54', 'colombia'),
(42, 'Carińito', 'Rodolfo Aicardi', 'classic colombian pop', '2012', '106', '57', '68', '-6', '8', '95', '227', '82', '3', '53', 'colombia'),
(43, 'Golpe Con Golpe', 'Pastor Lopez', 'cumbia', '2012', '102', '62', '75', '-7', '6', '97', '214', '60', '6', '53', 'colombia'),
(44, 'Ojitos Hechiceros', 'Rodolfo Aicardi', 'classic colombian pop', '2012', '107', '69', '79', '-7', '14', '62', '220', '11', '4', '52', 'colombia'),
(45, 'La Burrita', 'Los Corraleros De Majagual', 'cumbia', '2012', '127', '63', '86', '-5', '8', '95', '157', '46', '10', '51', 'colombia'),
(46, 'Daniela', 'Rodolfo Aicardi', 'classic colombian pop', '2012', '142', '56', '62', '-7', '18', '93', '198', '52', '3', '51', 'colombia'),
(47, 'Vķspera de Ańo Nuevo', 'Guillermo Buitrago', 'classic colombian pop', '2012', '100', '83', '60', '-6', '8', '98', '150', '85', '13', '49', 'colombia'),
(48, 'El Jornalero (El Hijo de Tuta)', 'Lisandro Meza', 'cumbia', '2001', '95', '72', '85', '-5', '16', '96', '244', '7', '6', '49', 'colombia'),
(49, 'Las Caleńas', 'Pastor Lopez Y Su Combo', 'cumbia', '2010', '204', '74', '55', '-7', '8', '94', '212', '34', '10', '48', 'colombia'),
(50, 'Sorbito De Champagne - Digitally Remastered Original', 'Pastor Lopez', 'cumbia', '2006', '112', '79', '79', '-4', '4', '70', '211', '64', '4', '45', 'colombia'),
(1, 'Dance Monkey', 'Tones and I', 'australian pop', '2019', '98', '59', '82', '-6', '15', '51', '209', '69', '9', '100', 'chile'),
(2, 'All I Want for Christmas Is You', 'Mariah Carey', 'dance pop', '1994', '150', '63', '34', '-7', '7', '35', '241', '16', '4', '98', 'chile'),
(3, 'RITMO (Bad Boys For Life)', 'The Black Eyed Peas', 'dance pop', '2019', '105', '72', '72', '-7', '24', '67', '222', '3', '7', '97', 'chile'),
(4, 'Tusa', 'KAROL G', 'latin', '2019', '101', '72', '80', '-3', '6', '57', '201', '30', '30', '96', 'chile'),
(5, 'Vete', 'Bad Bunny', 'latin', '2019', '92', '67', '89', '-4', '10', '53', '192', '4', '19', '94', 'chile'),
(6, 'China', 'Anuel AA', 'latin', '2019', '105', '81', '79', '-4', '8', '61', '302', '8', '9', '94', 'chile'),
(7, 'Fantasias', 'Rauw Alejandro', 'latin', '2019', '94', '70', '88', '-4', '6', '79', '200', '14', '7', '93', 'chile'),
(8, 'LA CANCIÓN', 'J Balvin', 'latin', '2019', '176', '65', '75', '-6', '11', '43', '243', '15', '32', '93', 'chile'),
(9, 'Adicto (with Anuel AA & Ozuna)', 'Tainy', 'pop reggaeton', '2019', '80', '84', '73', '-5', '18', '62', '271', '2', '7', '92', 'chile'),
(10, 'Callaita', 'Bad Bunny', 'latin', '2019', '176', '62', '61', '-5', '24', '24', '251', '60', '31', '92', 'chile'),
(11, 'Jingle Bell Rock', 'Bobby Helms', 'adult standards', '1992', '120', '42', '75', '-8', '7', '81', '131', '64', '4', '92', 'chile'),
(12, 'Whine Up', 'Nicky Jam', 'latin', '2019', '105', '67', '82', '-6', '10', '66', '215', '5', '8', '91', 'chile'),
(13, 'Que Tire Pa Lante', 'Daddy Yankee', 'latin', '2019', '94', '90', '66', '-3', '12', '71', '211', '5', '4', '91', 'chile'),
(14, 'Aventura', 'Lunay', 'latin', '2019', '92', '73', '73', '-3', '10', '88', '217', '22', '4', '90', 'chile'),
(15, 'Quizas', 'Rich Music LTD', 'reggaeton', '2019', '176', '82', '73', '-2', '23', '68', '216', '3', '15', '90', 'chile'),
(16, 'Si Te Vas', 'Sech', 'panamanian pop', '2019', '174', '64', '73', '-4', '14', '55', '205', '9', '13', '90', 'chile'),
(17, 'Tutu', 'Camilo', 'colombian pop', '2019', '146', '83', '73', '-3', '7', '94', '179', '27', '5', '90', 'chile'),
(18, 'Yo x Ti, Tu x Mi', 'ROSALĶA', 'r&b en espanol', '2019', '92', '76', '78', '-3', '14', '58', '201', '46', '23', '90', 'chile'),
(19, 'Hola - Remix', 'Dalex', 'latin', '2019', '182', '67', '65', '-6', '8', '34', '250', '47', '31', '89', 'chile'),
(20, 'No Me Conoce - Remix', 'Jhay Cortez', 'latin', '2019', '92', '79', '81', '-4', '9', '58', '309', '14', '7', '88', 'chile'),
(21, 'DJ No Pare (feat. Zion, Dalex, Lenny Tavįrez) - Remix', 'Justin Quiles', 'latin', '2019', '170', '71', '74', '-4', '8', '83', '259', '5', '9', '88', 'chile'),
(22, 'Otro Trago - Remix', 'Sech', 'panamanian pop', '2019', '176', '79', '73', '-2', '6', '76', '288', '7', '20', '88', 'chile'),
(23, 'QUE PRETENDES', 'J Balvin', 'latin', '2019', '93', '79', '64', '-4', '36', '94', '222', '3', '25', '88', 'chile'),
(24, 'Bellaquita - Remix', 'Dalex', 'latin', '2019', '166', '72', '80', '-4', '18', '76', '305', '14', '8', '87', 'chile'),
(25, 'El Favor (with Nicky Jam & Sech, feat. Farruko, Zion & Lunay)', 'Dimelo Flow', 'latin', '2019', '88', '65', '75', '-3', '11', '48', '233', '11', '7', '85', 'chile'),
(26, 'Si Se Da - Remix', 'Myke Towers', 'latin', '2019', '94', '67', '82', '-6', '13', '77', '332', '44', '30', '85', 'chile'),
(27, 'Cuerpo en Venta', 'Noriel', 'latin', '2019', '92', '60', '70', '-6', '10', '41', '254', '16', '30', '85', 'chile'),
(28, 'Feliz Navidad', 'José Feliciano', 'latin pop', '2001', '149', '86', '49', '-7', '35', '96', '182', '53', '4', '85', 'chile'),
(29, 'Verte Ir', 'DJ Luian', 'latin', '2019', '96', '65', '86', '-4', '8', '55', '268', '39', '10', '85', 'chile'),
(30, 'Fantasķa', 'Ozuna', 'latin', '2019', '180', '72', '70', '-6', '9', '78', '175', '23', '9', '84', 'chile'),
(31, 'It\'s Beginning to Look a Lot like Christmas', 'Michael Bublé', 'adult standards', '2011', '93', '22', '33', '-11', '34', '36', '207', '88', '3', '84', 'chile'),
(32, 'Sigues Con El', 'Dimelo Flow', 'latin', '2019', '88', '67', '88', '-3', '7', '68', '227', '11', '11', '83', 'chile'),
(33, '105 F Remix', 'KEVVO', 'perreo', '2019', '100', '75', '90', '-7', '29', '74', '464', '37', '16', '83', 'chile'),
(34, 'B11 (feat. Myke Towers)', 'Rvssian', 'latin', '2019', '100', '72', '76', '-5', '13', '20', '252', '7', '12', '83', 'chile'),
(35, 'Perreo en La Luna', 'Rich Music LTD', 'reggaeton', '2019', '174', '76', '71', '-4', '37', '72', '219', '27', '29', '83', 'chile'),
(36, 'Holly Jolly Christmas', 'Michael Bublé', 'adult standards', '2011', '151', '43', '61', '-9', '9', '74', '122', '86', '4', '82', 'chile'),
(37, 'Piensan', 'Myke Towers', 'latin', '2019', '172', '72', '68', '-4', '11', '79', '173', '54', '6', '82', 'chile'),
(38, 'No Te Debķ Besar', 'C. Tangana', 'trap espanol', '2019', '75', '68', '67', '-6', '18', '62', '183', '13', '32', '82', 'chile'),
(39, 'Si Supieras', 'Daddy Yankee', 'latin', '2019', '184', '89', '69', '-2', '10', '62', '242', '29', '12', '82', 'chile'),
(40, 'Coronao Now', 'El Alfa', 'dembow', '2019', '118', '73', '94', '-8', '18', '72', '218', '15', '25', '81', 'chile'),
(41, 'Soltera - Remix', 'Lunay', 'latin', '2019', '92', '78', '80', '-4', '44', '80', '266', '36', '4', '80', 'chile'),
(42, 'Imaginaste - Remix', 'Jhay Cortez', 'latin', '2019', '90', '71', '85', '-5', '34', '60', '247', '4', '9', '79', 'chile'),
(43, 'Piropo', 'Noriel', 'latin', '2019', '94', '75', '87', '-6', '4', '77', '220', '12', '7', '78', 'chile'),
(44, 'Infeliz', 'Arcangel', 'latin', '2019', '176', '80', '71', '-3', '25', '72', '221', '37', '22', '74', 'chile'),
(45, 'La Cama', 'Lunay', 'latin', '2019', '174', '90', '70', '-3', '18', '82', '189', '20', '6', '74', 'chile'),
(46, 'Mami', 'Paloma Mami', 'latin pop', '2019', '95', '72', '80', '-6', '17', '51', '195', '15', '5', '73', 'chile'),
(47, 'Santa Claus Llegó a La Ciudad', 'Luis Miguel', 'bolero', '2006', '170', '85', '52', '-2', '33', '72', '116', '38', '19', '70', 'chile'),
(48, 'Navidad, Navidad', 'Luis Miguel', 'bolero', '2006', '173', '84', '52', '-4', '16', '75', '155', '36', '15', '69', 'chile'),
(49, 'Algśn Dķa Volveras', 'Santaferia', 'cumbia chilena', '2018', '94', '71', '65', '-4', '5', '69', '254', '37', '3', '68', 'chile'),
(50, 'Blanca Navidad', 'Luis Miguel', 'bolero', '2006', '90', '40', '36', '-11', '7', '18', '212', '73', '3', '67', 'chile'),
(1, 'Dance Monkey', 'Tones and I', 'australian pop', '2019', '98', '59', '82', '-6', '15', '51', '209', '69', '9', '100', 'spain'),
(2, 'ROXANNE', 'Arizona Zervas', 'pop rap', '2019', '117', '60', '62', '-6', '46', '46', '164', '5', '15', '99', 'spain'),
(3, 'All I Want for Christmas Is You', 'Mariah Carey', 'dance pop', '1994', '150', '63', '34', '-7', '7', '35', '241', '16', '4', '98', 'spain'),
(4, 'RITMO (Bad Boys For Life)', 'The Black Eyed Peas', 'dance pop', '2019', '105', '72', '72', '-7', '24', '67', '222', '3', '7', '97', 'spain'),
(5, 'Tusa', 'KAROL G', 'latin', '2019', '101', '72', '80', '-3', '6', '57', '201', '30', '30', '96', 'spain'),
(6, 'Santa Tell Me', 'Ariana Grande', 'dance pop', '2014', '192', '62', '53', '-7', '29', '59', '204', '5', '12', '95', 'spain'),
(7, 'Vete', 'Bad Bunny', 'latin', '2019', '92', '67', '89', '-4', '10', '53', '192', '4', '19', '94', 'spain'),
(8, 'China', 'Anuel AA', 'latin', '2019', '105', '81', '79', '-4', '8', '61', '302', '8', '9', '94', 'spain'),
(9, 'Fantasias', 'Rauw Alejandro', 'latin', '2019', '94', '70', '88', '-4', '6', '79', '200', '14', '7', '93', 'spain'),
(10, 'Adicto (with Anuel AA & Ozuna)', 'Tainy', 'pop reggaeton', '2019', '80', '84', '73', '-5', '18', '62', '271', '2', '7', '92', 'spain'),
(11, 'Callaita', 'Bad Bunny', 'latin', '2019', '176', '62', '61', '-5', '24', '24', '251', '60', '31', '92', 'spain'),
(12, 'Whine Up', 'Nicky Jam', 'latin', '2019', '105', '67', '82', '-6', '10', '66', '215', '5', '8', '91', 'spain'),
(13, 'Indeciso', 'Reik', 'latin', '2019', '95', '75', '74', '-5', '11', '90', '217', '18', '5', '90', 'spain'),
(14, 'Aventura', 'Lunay', 'latin', '2019', '92', '73', '73', '-3', '10', '88', '217', '22', '4', '90', 'spain'),
(15, 'Yo x Ti, Tu x Mi', 'ROSALĶA', 'r&b en espanol', '2019', '92', '76', '78', '-3', '14', '58', '201', '46', '23', '90', 'spain'),
(16, 'Si Te Vas', 'Sech', 'panamanian pop', '2019', '174', '64', '73', '-4', '14', '55', '205', '9', '13', '90', 'spain'),
(17, 'Quizas', 'Rich Music LTD', 'reggaeton', '2019', '176', '82', '73', '-2', '23', '68', '216', '3', '15', '90', 'spain'),
(18, 'Hola - Remix', 'Dalex', 'latin', '2019', '182', '67', '65', '-6', '8', '34', '250', '47', '31', '89', 'spain'),
(19, 'DJ No Pare (feat. Zion, Dalex, Lenny Tavįrez) - Remix', 'Justin Quiles', 'latin', '2019', '170', '71', '74', '-4', '8', '83', '259', '5', '9', '88', 'spain'),
(20, 'Otro Trago - Remix', 'Sech', 'panamanian pop', '2019', '176', '79', '73', '-2', '6', '76', '288', '7', '20', '88', 'spain'),
(21, 'No Me Conoce - Remix', 'Jhay Cortez', 'latin', '2019', '92', '79', '81', '-4', '9', '58', '309', '14', '7', '88', 'spain'),
(22, 'Con Altura', 'ROSALĶA', 'r&b en espanol', '2019', '98', '69', '88', '-4', '5', '75', '162', '39', '12', '88', 'spain'),
(23, 'Blanco', 'J Balvin', 'latin', '2019', '100', '71', '87', '-5', '9', '59', '146', '3', '13', '87', 'spain'),
(24, 'Bellaquita - Remix', 'Dalex', 'latin', '2019', '166', '72', '80', '-4', '18', '76', '305', '14', '8', '87', 'spain'),
(25, 'Last Christmas', 'Wham!', 'new wave pop', '1984', '108', '48', '74', '-12', '36', '95', '263', '19', '3', '85', 'spain'),
(26, 'Te Quemaste', 'Manuel Turizo', 'colombian pop', '2019', '176', '77', '73', '-2', '29', '72', '199', '61', '13', '85', 'spain'),
(27, 'Que Calor (feat. J Balvin & El Alfa)', 'Major Lazer', 'dance pop', '2019', '126', '89', '80', '-4', '29', '46', '170', '4', '7', '85', 'spain'),
(28, 'Feliz Navidad', 'José Feliciano', 'latin pop', '2001', '149', '86', '49', '-7', '35', '96', '182', '53', '4', '85', 'spain'),
(29, 'Alocao (With Bad Gyal)', 'Omar Montes', 'trap espanol', '2019', '178', '75', '67', '-5', '11', '70', '209', '21', '6', '84', 'spain'),
(30, 'Fantasķa', 'Ozuna', 'latin', '2019', '180', '72', '70', '-6', '9', '78', '175', '23', '9', '84', 'spain'),
(31, 'It\'s Beginning to Look a Lot like Christmas', 'Michael Bublé', 'adult standards', '2011', '93', '22', '33', '-11', '34', '36', '207', '88', '3', '84', 'spain'),
(32, 'Sigues Con El', 'Dimelo Flow', 'latin', '2019', '88', '67', '88', '-3', '7', '68', '227', '11', '11', '83', 'spain'),
(33, 'B11 (feat. Myke Towers)', 'Rvssian', 'latin', '2019', '100', '72', '76', '-5', '13', '20', '252', '7', '12', '83', 'spain'),
(34, 'Perreo en La Luna', 'Rich Music LTD', 'reggaeton', '2019', '174', '76', '71', '-4', '37', '72', '219', '27', '29', '83', 'spain'),
(35, '105 F Remix', 'KEVVO', 'perreo', '2019', '100', '75', '90', '-7', '29', '74', '464', '37', '16', '83', 'spain'),
(36, 'Easy - Remix', 'Jhay Cortez', 'latin', '2019', '94', '75', '89', '-4', '15', '44', '220', '19', '9', '81', 'spain'),
(37, 'Hasta Que Salga el Sol', 'Ozuna', 'latin', '2019', '96', '82', '83', '-5', '13', '60', '188', '2', '7', '81', 'spain'),
(38, 'Contando Lunares (feat. Cruz Cafuné)', 'Don Patricio', 'trap espanol', '2019', '106', '52', '86', '-10', '5', '71', '220', '44', '13', '81', 'spain'),
(39, 'Rueda', 'Chimbala', 'dembow', '2019', '130', '92', '89', '-2', '5', '96', '211', '17', '9', '78', 'spain'),
(40, 'La Rubia - Remix 2', 'La Nueva Escuela', 'dembow', '2019', '110', '72', '76', '-4', '38', '75', '211', '32', '13', '77', 'spain'),
(41, 'A Dónde Vamos', 'Morat', 'colombian pop', '2019', '149', '61', '63', '-13', '23', '96', '203', '1', '4', '77', 'spain'),
(42, '+', 'Aitana', 'latin pop', '2019', '160', '67', '56', '-4', '12', '68', '219', '11', '3', '76', 'spain'),
(43, 'Zorra', 'Bad Gyal', 'rap catalan', '2019', '176', '65', '64', '-7', '8', '74', '186', '68', '19', '76', 'spain'),
(44, 'Prendķo', 'Rvfv', 'trap espanol', '2019', '125', '54', '83', '-10', '13', '90', '190', '17', '9', '76', 'spain'),
(45, 'Se iluminaba', 'Fred De Palma', 'italian arena pop', '2019', '124', '69', '79', '-5', '7', '62', '174', '8', '6', '74', 'spain'),
(46, 'La Cama', 'Lunay', 'latin', '2019', '174', '90', '70', '-3', '18', '82', '189', '20', '6', '74', 'spain'),
(47, 'Si por mi fuera', 'Beret', 'spanish hip hop', '2019', '150', '75', '70', '-6', '10', '88', '209', '3', '3', '73', 'spain'),
(48, 'Fuera De Mi Mente', 'Lérica', 'spanish pop', '2019', '94', '94', '74', '-2', '5', '70', '181', '17', '10', '73', 'spain'),
(49, 'Goteo', 'Duki', 'argentine hip hop', '2019', '108', '78', '47', '-4', '19', '44', '164', '19', '4', '73', 'spain'),
(50, 'Prendio - Remix', 'Rvfv', 'trap espanol', '2019', '125', '76', '75', '-6', '8', '75', '191', '19', '6', '61', 'spain'),
(1, 'ROXANNE', 'Arizona Zervas', 'pop rap', '2019', '117', '60', '62', '-6', '46', '46', '164', '5', '15', '99', 'United States'),
(2, 'Circles', 'Post Malone', 'dfw rap', '2019', '120', '76', '70', '-3', '9', '55', '215', '19', '4', '99', 'United States'),
(3, 'All I Want for Christmas Is You', 'Mariah Carey', 'dance pop', '1994', '150', '63', '34', '-7', '7', '35', '241', '16', '4', '98', 'United States'),
(4, 'Falling', 'Trevor Daniel', 'alternative r&b', '2018', '127', '43', '78', '-9', '9', '24', '159', '12', '4', '97', 'United States'),
(5, 'Santa Tell Me', 'Ariana Grande', 'dance pop', '2014', '192', '62', '53', '-7', '29', '59', '204', '5', '12', '95', 'United States'),
(6, 'Bandit (with YoungBoy Never Broke Again)', 'Juice WRLD', 'chicago rap', '2019', '180', '63', '47', '-6', '13', '43', '189', '7', '34', '94', 'United States'),
(7, 'Rockin\' Around The Christmas Tree', 'Brenda Lee', 'adult standards', '1964', '67', '47', '59', '-9', '51', '90', '126', '61', '5', '93', 'United States'),
(8, 'Jingle Bell Rock', 'Bobby Helms', 'adult standards', '1992', '120', '42', '75', '-8', '7', '81', '131', '64', '4', '92', 'United States'),
(9, 'It\'s the Most Wonderful Time of the Year', 'Andy Williams', 'adult standards', '1963', '202', '60', '24', '-8', '12', '78', '152', '77', '4', '92', 'United States'),
(10, 'Happy Xmas (War Is Over) - Remastered', 'John Lennon', 'album rock', '2010', '147', '61', '33', '-11', '77', '40', '214', '32', '3', '92', 'United States'),
(11, 'Mistletoe', 'Justin Bieber', 'canadian pop', '2011', '162', '56', '66', '-9', '8', '85', '183', '50', '5', '92', 'United States'),
(12, 'BOP', 'DaBaby', 'nc hip hop', '2019', '127', '79', '77', '-4', '13', '84', '160', '19', '37', '92', 'United States'),
(13, 'Let It Snow! Let It Snow! Let It Snow! (with The B. Swanson Quartet)', 'Frank Sinatra', 'adult standards', '1994', '142', '26', '65', '-13', '36', '84', '155', '90', '6', '91', 'United States'),
(14, 'Wonderful Christmastime - Edited Version / Remastered 2011', 'Paul McCartney', 'album rock', '1980', '95', '51', '77', '-9', '7', '77', '228', '32', '3', '91', 'United States'),
(15, 'Futsal Shuffle 2020', 'Lil Uzi Vert', 'melodic rap', '2019', '137', '46', '88', '-8', '23', '30', '199', '3', '16', '90', 'United States'),
(16, 'The Christmas Song (Merry Christmas To You)', 'Nat King Cole', 'adult standards', '1962', '79', '21', '32', '-15', '14', '21', '192', '92', '3', '89', 'United States'),
(17, 'White Christmas', 'Bing Crosby', 'adult standards', '1942', '131', '16', '32', '-16', '34', '25', '177', '67', '4', '89', 'United States'),
(18, 'The Box', 'Roddy Ricch', 'melodic rap', '2019', '117', '59', '90', '-7', '79', '64', '197', '10', '6', '89', 'United States'),
(19, 'Let It Snow! Let It Snow! Let It Snow!', 'Dean Martin', 'adult standards', '1959', '134', '24', '45', '-14', '18', '70', '117', '91', '4', '89', 'United States'),
(20, 'Have Yourself A Merry Little Christmas', 'Sam Smith', 'pop', '2014', '75', '18', '44', '-9', '32', '34', '171', '96', '4', '89', 'United States'),
(21, 'It\'s Beginning to Look a Lot Like Christmas (with Mitchell Ayres & His Orchestra)', 'Perry Como', 'adult standards', '1999', '113', '28', '73', '-12', '12', '72', '156', '76', '6', '88', 'United States'),
(22, 'Underneath the Tree', 'Kelly Clarkson', 'dance pop', '2013', '160', '81', '51', '-5', '21', '69', '230', '0', '5', '88', 'United States'),
(23, 'Christmas (Baby Please Come Home)', 'Mariah Carey', 'dance pop', '1994', '127', '78', '57', '-7', '11', '70', '153', '2', '3', '88', 'United States'),
(24, 'Do They Know It\'s Christmas? - 1984 Version', 'Band Aid', 'NA', '2004', '115', '64', '60', '-7', '10', '35', '223', '16', '4', '87', 'United States'),
(25, 'Blue Christmas', 'Elvis Presley', 'adult standards', '1957', '95', '27', '47', '-17', '14', '58', '129', '90', '4', '87', 'United States'),
(26, 'Run Rudolph Run - Single Version', 'Chuck Berry', 'blues rock', '1986', '152', '72', '68', '-11', '8', '96', '166', '81', '9', '87', 'United States'),
(27, 'Like It\'s Christmas', 'Jonas Brothers', 'boy band', '2019', '146', '57', '73', '-6', '5', '61', '201', '2', '10', '87', 'United States'),
(28, 'Santa Baby', 'Ariana Grande', 'dance pop', '2013', '96', '78', '75', '-6', '28', '77', '171', '5', '14', '87', 'United States'),
(29, 'Last Christmas', 'Wham!', 'new wave pop', '1984', '108', '48', '74', '-12', '36', '95', '263', '19', '3', '85', 'United States'),
(30, 'Feliz Navidad', 'José Feliciano', 'latin pop', '2001', '149', '86', '49', '-7', '35', '96', '182', '53', '4', '85', 'United States'),
(31, 'Santa Claus Is Coming To Town', 'The Jackson 5', 'adult standards', '1970', '147', '76', '69', '-5', '18', '96', '144', '42', '3', '85', 'United States'),
(32, 'It\'s Beginning to Look a Lot like Christmas', 'Michael Bublé', 'adult standards', '2011', '93', '22', '33', '-11', '34', '36', '207', '88', '3', '84', 'United States'),
(33, 'I Saw Mommy Kissing Santa Claus', 'The Jackson 5', 'adult standards', '1970', '129', '71', '58', '-8', '82', '61', '181', '26', '5', '84', 'United States'),
(34, 'Joy To The World', 'Nat King Cole', 'adult standards', '1962', '102', '34', '55', '-10', '11', '66', '85', '82', '3', '84', 'United States'),
(35, 'Do You Hear What I Hear? - Remastered 2006', 'Bing Crosby', 'adult standards', '2006', '102', '25', '57', '-15', '20', '41', '166', '81', '3', '84', 'United States'),
(36, 'Carol of the Bells', 'Mykola Dmytrovych Leontovych', 'post-romantic era', '1990', '47', '11', '42', '-23', '18', '80', '85', '99', '4', '84', 'United States'),
(37, 'A Holly Jolly Christmas - Single Version', 'Burl Ives', 'adult standards', '1998', '140', '37', '67', '-13', '10', '86', '133', '59', '3', '83', 'United States'),
(38, 'Winter Wonderland - Remastered 2006', 'Bing Crosby', 'adult standards', '2006', '127', '23', '59', '-14', '12', '54', '144', '83', '5', '83', 'United States'),
(39, 'Little Saint Nick - 1991 Remix', 'The Beach Boys', 'baroque pop', '1964', '131', '55', '60', '-9', '5', '97', '119', '11', '3', '83', 'United States'),
(40, 'Holly Jolly Christmas', 'Michael Bublé', 'adult standards', '2011', '151', '43', '61', '-9', '9', '74', '122', '86', '4', '82', 'United States'),
(41, 'Christmas (Baby Please Come Home)', 'Darlene Love', 'adult standards', '2019', '126', '76', '34', '-7', '8', '36', '166', '39', '5', '82', 'United States'),
(42, 'Mele Kalikimaka (Merry Christmas)', 'Bing Crosby', 'adult standards', '1945', '202', '22', '50', '-12', '28', '62', '175', '65', '9', '82', 'United States'),
(43, 'Mistletoe And Holly - Remastered 1999', 'Frank Sinatra', 'adult standards', '1957', '110', '10', '61', '-14', '8', '34', '136', '80', '4', '81', 'United States'),
(44, 'Baby, It\'s Cold Outside', 'Dean Martin', 'adult standards', '1959', '130', '20', '47', '-16', '5', '54', '144', '88', '6', '79', 'United States'),
(45, 'Have Yourself A Merry Little Christmas', 'Judy Garland', 'adult standards', '1944', '181', '18', '16', '-15', '26', '11', '162', '97', '4', '79', 'United States'),
(46, 'O Tannenbaum', 'Vince Guaraldi Trio', 'adult standards', '1965', '123', '19', '58', '-16', '13', '34', '309', '91', '4', '79', 'United States'),
(47, 'Sleigh Ride', 'The Ronettes', 'adult standards', '2019', '92', '77', '53', '-7', '32', '85', '181', '40', '3', '77', 'United States'),
(48, 'Santa Baby (with Henri René & His Orchestra)', 'Eartha Kitt', 'adult standards', '2002', '84', '14', '70', '-12', '19', '49', '206', '90', '6', '76', 'United States'),
(49, 'Christmas Time Is Here - Vocal', 'Vince Guaraldi Trio', 'adult standards', '1965', '75', '14', '39', '-20', '10', '9', '166', '98', '3', '75', 'United States'),
(50, 'This Christmas', 'Donny Hathaway', 'chicago soul', '1971', '93', '65', '63', '-9', '25', '68', '231', '29', '4', '59', 'United States'),
(1, 'Dance Monkey', 'Tones and I', 'australian pop', '2019', '98', '59', '82', '-6', '15', '51', '209', '69', '9', '100', 'france'),
(2, 'ROXANNE', 'Arizona Zervas', 'pop rap', '2019', '117', '60', '62', '-6', '46', '46', '164', '5', '15', '99', 'france'),
(3, 'Memories', 'Maroon 5', 'pop', '2019', '91', '32', '76', '-7', '8', '57', '189', '84', '5', '99', 'france'),
(4, 'All I Want for Christmas Is You', 'Mariah Carey', 'dance pop', '1994', '150', '63', '34', '-7', '7', '35', '241', '16', '4', '98', 'france'),
(5, 'RITMO (Bad Boys For Life)', 'The Black Eyed Peas', 'dance pop', '2019', '105', '72', '72', '-7', '24', '67', '222', '3', '7', '97', 'france'),
(6, 'Don\'t Start Now', 'Dua Lipa', 'dance pop', '2019', '124', '79', '79', '-5', '10', '68', '183', '1', '8', '97', 'france'),
(7, 'Blinding Lights', 'The Weeknd', 'canadian contemporary r&b', '2019', '171', '80', '51', '-4', '9', '35', '202', '0', '6', '96', 'france'),
(8, 'Ride It', 'Regard', 'pop edm', '2019', '118', '75', '88', '-4', '11', '88', '158', '18', '9', '95', 'france'),
(9, 'Trampoline (with ZAYN)', 'SHAED', 'electropop', '2019', '127', '46', '62', '-6', '14', '50', '184', '56', '3', '92', 'france'),
(10, 'Let It Snow! Let It Snow! Let It Snow!', 'Dean Martin', 'adult standards', '1959', '134', '24', '45', '-14', '18', '70', '117', '91', '4', '89', 'france'),
(11, 'Seńorita', 'Shawn Mendes', 'canadian pop', '2019', '117', '55', '76', '-6', '8', '75', '191', '4', '3', '89', 'france'),
(12, 'Last Christmas', 'Wham!', 'new wave pop', '1984', '108', '48', '74', '-12', '36', '95', '263', '19', '3', '85', 'france'),
(13, 'Que Calor (feat. J Balvin & El Alfa)', 'Major Lazer', 'dance pop', '2019', '126', '89', '80', '-4', '29', '46', '170', '4', '7', '85', 'france'),
(14, 'Roses - Imanbek Remix', 'SAINt JHN', 'melodic rap', '2019', '122', '72', '77', '-5', '35', '90', '177', '2', '5', '85', 'france'),
(15, 'Popopop', 'Gambi', 'pop urbaine', '2019', '130', '65', '83', '-6', '14', '41', '156', '5', '31', '82', 'france'),
(16, 'Holly Jolly Christmas', 'Michael Bublé', 'adult standards', '2011', '151', '43', '61', '-9', '9', '74', '122', '86', '4', '82', 'france'),
(17, 'Moulaga', 'Heuss L\'enfoiré', 'french hip hop', '2019', '125', '70', '71', '-5', '10', '48', '180', '33', '10', '79', 'france'),
(18, 'Oui ou non', 'Angčle', 'belgian pop', '2019', '200', '57', '65', '-8', '16', '36', '197', '64', '14', '79', 'france'),
(19, 'Hé oh', 'Gambi', 'pop urbaine', '2019', '105', '59', '83', '-5', '20', '54', '178', '7', '15', '79', 'france'),
(20, 'Ne reviens pas', 'Gradur', 'french hip hop', '2019', '125', '78', '93', '-3', '17', '93', '189', '21', '6', '78', 'france'),
(21, '0.4', 'Aya Nakamura', 'basshall', '2019', '92', '69', '84', '-7', '13', '68', '175', '40', '21', '78', 'france'),
(22, 'Woin Woin feat. RK', 'Larry', 'french hip hop', '2019', '130', '64', '90', '-7', '8', '70', '173', '17', '29', '77', 'france'),
(23, 'Loin de moi', 'Naza', 'francoton', '2019', '97', '46', '89', '-8', '6', '50', '144', '64', '24', '77', 'france'),
(24, 'Mayday (feat. Ninho)', 'SCH', 'french hip hop', '2019', '152', '60', '61', '-8', '9', '25', '210', '61', '36', '77', 'france'),
(25, 'Baianį', 'Bakermat', 'deep euro house', '2019', '122', '76', '50', '-7', '33', '49', '182', '0', '5', '77', 'france'),
(26, 'La vie qu\'on mčne', 'Ninho', 'french hip hop', '2019', '113', '76', '80', '-4', '11', '46', '193', '69', '4', '76', 'france'),
(27, 'Bātiment', 'Niska', 'french hip hop', '2019', '168', '70', '66', '-7', '7', '65', '211', '29', '14', '76', 'france'),
(28, 'Un peu de haine', 'PLK', 'french hip hop', '2019', '134', '66', '77', '-7', '22', '42', '168', '44', '6', '76', 'france'),
(29, 'Ma belle', 'Moha La Squale', 'french hip hop', '2019', '82', '66', '74', '-6', '9', '47', '158', '76', '6', '76', 'france'),
(30, 'Jamais', 'Mister V', 'french hip hop', '2019', '150', '67', '64', '-7', '11', '79', '192', '43', '9', '75', 'france'),
(31, 'Dans l\'univers', 'Nekfeu', 'french hip hop', '2019', '132', '42', '64', '-10', '14', '20', '244', '33', '17', '75', 'france'),
(32, 'Maman ne le sait pas (feat. Niska)', 'Ninho', 'french hip hop', '2019', '145', '88', '76', '-6', '12', '39', '203', '40', '19', '75', 'france'),
(33, 'Street', 'Maes', 'french hip hop', '2019', '148', '30', '66', '-20', '21', '49', '185', '30', '8', '74', 'france'),
(34, 'Aristocrate', 'Heuss L\'enfoiré', 'french hip hop', '2019', '117', '61', '94', '-6', '10', '63', '170', '27', '7', '74', 'france'),
(35, 'Méchant', 'Niska', 'french hip hop', '2019', '98', '80', '53', '-4', '37', '41', '191', '33', '34', '74', 'france'),
(36, 'Marie', 'Koba LaD', 'french hip hop', '2019', '132', '75', '78', '-6', '12', '68', '195', '12', '4', '74', 'france'),
(37, '93% [Tijuana]', 'GLK', 'francoton', '2019', '136', '69', '80', '-5', '18', '80', '223', '62', '6', '73', 'france'),
(38, 'Distant', 'Maes', 'french hip hop', '2019', '105', '73', '75', '-6', '7', '49', '162', '56', '19', '72', 'france'),
(39, 'Avant toi', 'Vitaa', 'francoton', '2019', '142', '40', '63', '-9', '10', '25', '224', '88', '3', '72', 'france'),
(40, 'Elle est bonne sa mčre', 'Vegedream', 'francoton', '2019', '105', '74', '79', '-5', '34', '47', '197', '33', '6', '70', 'france'),
(41, 'Compliqué', 'Dadju', 'francoton', '2019', '75', '74', '70', '-7', '16', '93', '215', '55', '5', '68', 'france'),
(42, 'Ma vie', 'Dadju', 'francoton', '2019', '201', '50', '51', '-8', '16', '32', '209', '12', '8', '68', 'france'),
(43, 'Mortel', 'Koba LaD', 'french hip hop', '2019', '154', '69', '58', '-6', '10', '66', '204', '15', '46', '67', 'france'),
(44, 'Un million par mois', 'Djadja & Dinaz', 'french hip hop', '2019', '135', '54', '76', '-6', '13', '72', '189', '66', '5', '67', 'france'),
(45, 'Block', 'Larry', 'french hip hop', '2019', '77', '74', '72', '-7', '41', '71', '157', '29', '28', '65', 'france'),
(46, 'Petit Papa Noėl', 'Tino Rossi', 'chanson', '1998', '105', '31', '33', '-9', '6', '42', '196', '99', '3', '61', 'france'),
(47, 'Cōte Ouest', '47ter', 'french hip hop', '2019', '152', '59', '77', '-8', '18', '58', '233', '50', '9', '59', 'france'),
(48, 'God Bless (feat. Damso)', 'Hamza', 'belgian hip hop', '2019', '83', '57', '86', '-10', '6', '23', '162', '1', '12', '57', 'france'),
(49, 'Reste', 'Maītre Gims', 'french hip hop', '2019', '100', '54', '75', '-7', '10', '69', '232', '48', '4', '54', 'france'),
(50, 'Gasolina (feat. Gambi)', 'Hamza', 'belgian hip hop', '2019', '130', '61', '95', '-8', '12', '72', '179', '28', '19', '52', 'france'),
(1, 'Memories', 'Maroon 5', 'pop', '2019', '91', '32', '76', '-7', '8', '57', '189', '84', '5', '99', 'india'),
(2, 'ROXANNE', 'Arizona Zervas', 'pop rap', '2019', '117', '60', '62', '-6', '46', '46', '164', '5', '15', '99', 'india'),
(3, 'Circles', 'Post Malone', 'dfw rap', '2019', '120', '76', '70', '-3', '9', '55', '215', '19', '4', '99', 'india'),
(4, 'Falling', 'Trevor Daniel', 'alternative r&b', '2018', '127', '43', '78', '-9', '9', '24', '159', '12', '4', '97', 'india'),
(5, 'Blinding Lights', 'The Weeknd', 'canadian contemporary r&b', '2019', '171', '80', '51', '-4', '9', '35', '202', '0', '6', '96', 'india'),
(6, 'bad guy', 'Billie Eilish', 'electropop', '2019', '135', '43', '70', '-11', '10', '56', '194', '33', '38', '96', 'india'),
(7, 'hot girl bummer', 'blackbear', 'pop', '2019', '130', '56', '78', '-7', '40', '68', '185', '13', '8', '96', 'india'),
(8, 'Heartless', 'The Weeknd', 'canadian contemporary r&b', '2019', '170', '75', '53', '-6', '12', '20', '200', '1', '11', '94', 'india'),
(9, 'Trampoline (with ZAYN)', 'SHAED', 'electropop', '2019', '127', '46', '62', '-6', '14', '50', '184', '56', '3', '92', 'india'),
(10, 'My Oh My (feat. DaBaby)', 'Camila Cabello', 'dance pop', '2019', '105', '49', '72', '-6', '9', '38', '171', '2', '3', '91', 'india'),
(11, 'Seńorita', 'Shawn Mendes', 'canadian pop', '2019', '117', '55', '76', '-6', '8', '75', '191', '4', '3', '89', 'india'),
(12, 'Believer', 'Imagine Dragons', 'modern rock', '2017', '125', '78', '78', '-4', '8', '67', '204', '6', '13', '89', 'india'),
(13, 'Sunflower - Spider-Man: Into the Spider-Verse', 'Post Malone', 'dfw rap', '2019', '90', '52', '76', '-4', '7', '93', '158', '53', '6', '88', 'india'),
(14, 'On My Way', 'Alan Walker', 'electro house', '2019', '170', '69', '51', '-5', '30', '30', '194', '2', '10', '84', 'india'),
(15, 'Ghungroo (From \"War\")', 'Arijit Singh', 'desi pop', '2019', '118', '73', '70', '-6', '53', '86', '303', '7', '3', '75', 'india'),
(16, 'Tum Hi Aana (From \"Marjaavaan\")', 'Payal Dev', 'modern bollywood', '2019', '90', '40', '47', '-7', '15', '35', '249', '63', '2', '74', 'india'),
(17, 'Filhall', 'B Praak', 'desi pop', '2019', '80', '66', '53', '-4', '13', '59', '255', '61', '6', '74', 'india'),
(18, 'Makhna', 'Tanishk Bagchi', 'desi pop', '2019', '125', '70', '70', '-8', '16', '43', '183', '17', '4', '73', 'india'),
(19, 'Yaad Piya Ki Aane Lagi', 'Neha Kakkar', 'desi pop', '2019', '108', '83', '86', '-4', '11', '69', '257', '38', '5', '72', 'india'),
(20, 'Duniyaa (From \"Luka Chuppi\")', 'Akhil', 'desi pop', '2019', '77', '66', '44', '-6', '13', '52', '223', '70', '4', '71', 'india'),
(21, 'Pachtaoge (From \"Jaani Ve\")', 'Arijit Singh', 'desi pop', '2019', '170', '69', '52', '-4', '12', '48', '227', '62', '3', '71', 'india'),
(22, 'Tujhe Kitna Chahne Lage (From \"Kabir Singh\")', 'Arijit Singh', 'desi pop', '2019', '70', '40', '43', '-8', '11', '31', '285', '74', '4', '69', 'india');
INSERT INTO `top50songs` (`Rank`, `Title`, `Artist`, `genre`, `Year`, `bpm`, `nrgy`, `dnce`, `dB`, `live`, `val`, `dur`, `acous`, `scph`, `pop`, `country`) VALUES
(23, 'Pal Pal Dil Ke Paas- Title Track', 'Arijit Singh', 'desi pop', '2019', '124', '51', '56', '-7', '6', '39', '255', '59', '3', '69', 'india'),
(24, 'Sakhiyaan', 'Maninder Buttar', 'desi pop', '2018', '83', '67', '71', '-6', '20', '36', '179', '30', '4', '69', 'india'),
(25, 'Proper Patola', 'Badshah', 'desi hip hop', '2018', '172', '82', '77', '-6', '32', '49', '179', '49', '9', '69', 'india'),
(26, 'Bekhayali (From \"Kabir Singh\")', 'Sachet Tandon', 'desi pop', '2019', '172', '59', '31', '-5', '32', '35', '372', '45', '4', '68', 'india'),
(27, 'Dheeme Dheeme (From \"Pati Patni Aur Woh\")', 'Tony Kakkar', 'desi pop', '2019', '110', '97', '80', '-2', '35', '69', '177', '15', '4', '68', 'india'),
(28, '8 Parche', 'Baani Sandhu', 'punjabi pop', '2019', '174', '86', '65', '-2', '20', '73', '210', '16', '21', '68', 'india'),
(29, 'Jai Jai Shivshankar (From \"War\")', 'Vishal Dadlani', 'desi pop', '2019', '129', '90', '83', '-5', '7', '53', '231', '26', '8', '68', 'india'),
(30, 'Chal Bombay', 'DIVINE', 'desi hip hop', '2019', '95', '62', '86', '-7', '12', '51', '174', '4', '32', '68', 'india'),
(31, 'Ik Tera', 'Maninder Buttar', 'desi pop', '2019', '93', '71', '83', '-5', '11', '49', '161', '10', '7', '68', 'india'),
(32, 'Vaaste', 'Dhvani Bhanushali', 'desi pop', '2019', '90', '48', '44', '-6', '10', '32', '196', '45', '4', '68', 'india'),
(33, 'Kalank (Title Track)', 'Arijit Singh', 'desi pop', '2019', '118', '55', '57', '-8', '9', '44', '311', '52', '4', '68', 'india'),
(34, 'Shaitan Ka Saala (From \"Housefull 4\")', 'Sohail Sen', 'desi pop', '2019', '100', '77', '84', '-5', '37', '34', '147', '28', '19', '67', 'india'),
(35, 'Naah Goriye (From \"Bala\")', 'B Praak', 'desi pop', '2019', '100', '77', '82', '-2', '6', '72', '185', '46', '6', '67', 'india'),
(36, 'Ek Toh Kum Zindagani (From \"Marjaavaan\")', 'Neha Kakkar', 'desi pop', '2019', '128', '97', '67', '-2', '6', '72', '190', '6', '9', '67', 'india'),
(37, 'Don\'t Be Shy Again (From \"Bala\")', 'Sachin-Jigar', 'desi pop', '2019', '105', '91', '80', '-4', '31', '91', '164', '10', '6', '65', 'india'),
(38, 'Mere Sohneya (From \"Kabir Singh\")', 'Sachet Tandon', 'desi pop', '2019', '136', '64', '38', '-6', '22', '65', '193', '56', '4', '64', 'india'),
(39, 'Tu Hi Yaar Mera (From \"Pati Patni Aur Woh\")', 'Rochak', 'desi pop', '2019', '87', '38', '72', '-8', '13', '48', '201', '59', '6', '64', 'india'),
(40, 'Chandigarh Mein', 'Badshah', 'desi hip hop', '2019', '100', '87', '81', '-2', '7', '34', '205', '1', '6', '64', 'india'),
(41, 'Dance Like', 'Harrdy Sandhu', 'desi pop', '2019', '100', '82', '86', '-3', '30', '54', '172', '38', '10', '64', 'india'),
(42, 'Sauda Khara Khara', 'Diljit Dosanjh', 'desi pop', '2019', '145', '92', '69', '-3', '11', '88', '211', '9', '6', '63', 'india'),
(43, 'Kaise Hua (From \"Kabir Singh\")', 'Vishal Mishra', 'desi pop', '2019', '138', '46', '39', '-7', '11', '15', '235', '45', '4', '62', 'india'),
(44, 'Muqabla (From \"Street Dancer 3D\")', 'Yash Narvekar', 'desi pop', '2019', '120', '91', '80', '-3', '39', '54', '176', '2', '9', '61', 'india'),
(45, 'Ve Maahi', 'Arijit Singh', 'desi pop', '2019', '103', '55', '65', '-7', '22', '29', '224', '41', '3', '61', 'india'),
(46, 'O Saki Saki (From \"Batla House\")', 'Neha Kakkar', 'desi pop', '2019', '108', '96', '74', '0', '36', '57', '191', '16', '7', '60', 'india'),
(47, 'Tera Ban Jaunga (From \"Kabir Singh\")', 'Akhil Sachdeva', 'desi pop', '2019', '94', '53', '61', '-6', '13', '40', '236', '82', '2', '59', 'india'),
(48, 'Mummy Nu Pasand (From \"Jai Mummy Di\")', 'Sunanda Sharma', 'desi pop', '2019', '94', '97', '78', '0', '35', '80', '185', '1', '11', '57', 'india'),
(49, 'Hauli Hauli (From \"De De Pyaar De\")', 'Garry Sandhu', 'bhangra', '2019', '95', '98', '71', '-3', '34', '57', '209', '2', '8', '56', 'india'),
(50, 'Lamborghini (From \"Jai Mummy Di\")', 'Meet Bros.', 'desi pop', '2019', '', '', '', '', '', '', '247', '', '', '48', 'india'),
(1, 'Dance Monkey', 'Tones and I', 'australian pop', '2019', '98', '59', '82', '-6', '15', '51', '209', '69', '9', '100', 'indonesia'),
(2, 'Memories', 'Maroon 5', 'pop', '2019', '91', '32', '76', '-7', '8', '57', '189', '84', '5', '99', 'indonesia'),
(3, 'ROXANNE', 'Arizona Zervas', 'pop rap', '2019', '117', '60', '62', '-6', '46', '46', '164', '5', '15', '99', 'indonesia'),
(4, 'Lose You To Love Me', 'Selena Gomez', 'dance pop', '2019', '102', '34', '51', '-9', '21', '9', '206', '58', '4', '97', 'indonesia'),
(5, 'Falling', 'Trevor Daniel', 'alternative r&b', '2018', '127', '43', '78', '-9', '9', '24', '159', '12', '4', '97', 'indonesia'),
(6, 'Someone You Loved', 'Lewis Capaldi', 'pop', '2019', '110', '41', '50', '-6', '11', '45', '182', '75', '3', '96', 'indonesia'),
(7, 'Lucid Dreams', 'Juice WRLD', 'chicago rap', '2018', '84', '57', '51', '-7', '34', '22', '240', '35', '20', '94', 'indonesia'),
(8, '10,000 Hours (with Justin Bieber)', 'Dan + Shay', 'contemporary country', '2019', '90', '63', '65', '-5', '11', '43', '168', '15', '3', '93', 'indonesia'),
(9, 'It\'s You', 'Ali Gatie', 'canadian hip hop', '2019', '96', '46', '73', '-7', '19', '40', '213', '37', '3', '90', 'indonesia'),
(10, 'Seńorita', 'Shawn Mendes', 'canadian pop', '2019', '117', '55', '76', '-6', '8', '75', '191', '4', '3', '89', 'indonesia'),
(11, 'Mean It', 'Lauv', 'pop', '2019', '96', '45', '75', '-9', '17', '34', '233', '4', '9', '89', 'indonesia'),
(12, 'Boy With Luv (feat. Halsey)', 'BTS', 'k-pop', '2019', '120', '86', '65', '-5', '19', '80', '230', '9', '10', '87', 'indonesia'),
(13, 'comethru', 'Jeremy Zucker', 'pop', '2018', '94', '18', '80', '-12', '62', '61', '182', '61', '6', '86', 'indonesia'),
(14, 'Beautiful People (feat. Khalid)', 'Ed Sheeran', 'pop', '2019', '93', '65', '64', '-8', '8', '55', '198', '12', '19', '86', 'indonesia'),
(15, 'I Don\'t Care (with Justin Bieber)', 'Ed Sheeran', 'pop', '2019', '102', '68', '80', '-5', '9', '84', '220', '9', '4', '85', 'indonesia'),
(16, 'On My Way', 'Alan Walker', 'electro house', '2019', '170', '69', '51', '-5', '30', '30', '194', '2', '10', '84', 'indonesia'),
(17, 'Can We Kiss Forever?', 'Kina', 'pop', '2018', '110', '13', '52', '-19', '9', '12', '188', '89', '4', '84', 'indonesia'),
(18, 'So Am I', 'Ava Max', 'dance pop', '2019', '130', '66', '68', '-5', '35', '61', '183', '7', '4', '84', 'indonesia'),
(19, 'Takeaway', 'The Chainsmokers', 'electropop', '2019', '100', '51', '53', '-8', '10', '35', '210', '13', '3', '83', 'indonesia'),
(20, 'Location Unknown <U+25D0> - Brooklyn Session', 'HONNE', 'uk pop', '2019', '92', '29', '51', '-7', '8', '40', '328', '94', '4', '80', 'indonesia'),
(21, 'Halu', 'Feby Putri', 'NA', '2019', '116', '25', '34', '-15', '11', '10', '266', '87', '4', '79', 'indonesia'),
(22, 'I Love You 3000', 'Stephanie Poetri', 'indonesian pop', '2019', '90', '38', '65', '-8', '39', '41', '210', '91', '4', '79', 'indonesia'),
(23, 'Way Back Home (feat. Conor Maynard) - Sam Feldt Edit', 'SHAUN', 'k-pop', '2018', '106', '75', '74', '-5', '22', '45', '192', '27', '3', '79', 'indonesia'),
(24, 'Tolong', 'Budi Doremi', 'indonesian pop', '2018', '136', '20', '44', '-12', '10', '24', '250', '89', '4', '78', 'indonesia'),
(25, 'lowkey', 'NIKI', 'indie r&b', '2019', '118', '49', '75', '-8', '9', '23', '171', '43', '6', '78', 'indonesia'),
(26, 'Lebih Dari Egoku', 'Mawar De Jongh', 'indonesian pop', '2019', '80', '39', '67', '-8', '10', '33', '249', '74', '3', '77', 'indonesia'),
(27, '100 Degrees', 'Rich Brian', 'indonesian hip hop', '2019', '81', '65', '76', '-5', '52', '66', '166', '12', '7', '77', 'indonesia'),
(28, 'Waktu Yang Salah', 'Fiersa Besari', 'indonesian indie', '2014', '130', '28', '67', '-11', '10', '30', '326', '79', '3', '76', 'indonesia'),
(29, 'Celengan Rindu', 'Fiersa Besari', 'indonesian indie', '2014', '117', '54', '64', '-8', '14', '66', '224', '11', '4', '76', 'indonesia'),
(30, 'Tanpa Tergesa', 'Juicy Luicy', 'indonesian pop', '2018', '96', '29', '70', '-7', '11', '45', '218', '31', '3', '76', 'indonesia'),
(31, 'Psycho', 'Red Velvet', 'k-pop', '2019', '140', '67', '66', '-2', '9', '41', '211', '19', '4', '75', 'indonesia'),
(32, 'Selamat (Selamat Tinggal)', 'Virgoun', 'indonesian pop', '2019', '80', '58', '36', '-9', '12', '37', '314', '52', '3', '75', 'indonesia'),
(33, 'Adu Rayu', 'Yovie Widianto', 'indonesian pop', '2019', '100', '37', '56', '-12', '11', '22', '208', '60', '5', '75', 'indonesia'),
(34, 'Pilu Membiru', 'Kunto Aji', 'indonesian indie', '2018', '82', '27', '36', '-11', '12', '5', '252', '89', '3', '75', 'indonesia'),
(35, 'One Only', 'Pamungkas', 'indonesian indie', '2018', '145', '52', '25', '-6', '9', '11', '255', '22', '3', '74', 'indonesia'),
(36, 'Kumau Dia', 'Andmesh', 'indonesian pop', '2019', '158', '51', '47', '-9', '32', '60', '256', '16', '3', '73', 'indonesia'),
(37, 'Pelukku Untuk Pelikmu - OST Imperfect: Karier, Cinta, & Timbangan', 'Fiersa Besari', 'indonesian indie', '2019', '125', '83', '53', '-5', '20', '25', '250', '13', '4', '72', 'indonesia'),
(38, 'April', 'Fiersa Besari', 'indonesian indie', '2014', '80', '47', '36', '-8', '19', '57', '264', '59', '3', '72', 'indonesia'),
(39, 'Dan...', 'Sheila On 7', 'indonesian pop', '1999', '125', '54', '66', '-12', '11', '54', '289', '16', '3', '72', 'indonesia'),
(40, 'I Love You but I\'m Letting Go', 'Pamungkas', 'indonesian indie', '2018', '80', '32', '39', '-9', '11', '13', '220', '97', '3', '71', 'indonesia'),
(41, 'Kartonyono Medot Janji', 'Denny Caknan', 'NA', '2019', '130', '78', '73', '-6', '21', '75', '262', '31', '3', '71', 'indonesia'),
(42, 'Percaya Aku', 'Chintya Gabriella', 'NA', '2019', '140', '49', '54', '-8', '20', '30', '232', '74', '3', '71', 'indonesia'),
(43, 'Kenangan Manis', 'Pamungkas', 'indonesian indie', '2018', '140', '68', '60', '-7', '9', '72', '208', '5', '3', '69', 'indonesia'),
(44, 'Bicara (feat. Monita Tahalea)', 'TheOvertunes', 'indonesian pop', '2019', '77', '37', '57', '-9', '8', '37', '236', '56', '3', '68', 'indonesia'),
(45, 'Cinta Luar Biasa', 'Andmesh', 'indonesian pop', '2019', '136', '23', '58', '-12', '10', '32', '256', '81', '3', '66', 'indonesia'),
(46, 'Nyaman', 'Andmesh', 'indonesian pop', '2019', '83', '31', '54', '-11', '15', '46', '227', '82', '3', '65', 'indonesia'),
(47, 'Hanya Rindu', 'Andmesh', 'indonesian pop', '2019', '179', '16', '28', '-12', '11', '20', '252', '89', '3', '65', 'indonesia'),
(48, 'Secukupnya', 'Hindia', 'indonesian indie', '2019', '102', '80', '73', '-5', '35', '93', '205', '19', '3', '65', 'indonesia'),
(49, 'Speechless (Full)', 'Naomi Scott', 'hollywood', '2019', '125', '49', '47', '-8', '12', '23', '209', '47', '3', '65', 'indonesia'),
(50, 'Tak Ingin Pisah Lagi', 'Marion Jola', 'indonesian pop', '2019', '95', '40', '66', '-6', '14', '34', '266', '58', '3', '64', 'indonesia'),
(1, 'Dance Monkey', 'Tones and I', 'australian pop', '2019', '98', '59', '82', '-6', '15', '51', '209', '69', '9', '100', 'israel'),
(2, 'ROXANNE', 'Arizona Zervas', 'pop rap', '2019', '117', '60', '62', '-6', '46', '46', '164', '5', '15', '99', 'israel'),
(3, 'Memories', 'Maroon 5', 'pop', '2019', '91', '32', '76', '-7', '8', '57', '189', '84', '5', '99', 'israel'),
(4, 'Circles', 'Post Malone', 'dfw rap', '2019', '120', '76', '70', '-3', '9', '55', '215', '19', '4', '99', 'israel'),
(5, 'everything i wanted', 'Billie Eilish', 'electropop', '2019', '120', '23', '70', '-14', '11', '24', '245', '90', '10', '98', 'israel'),
(6, 'Falling', 'Trevor Daniel', 'alternative r&b', '2018', '127', '43', '78', '-9', '9', '24', '159', '12', '4', '97', 'israel'),
(7, 'Don\'t Start Now', 'Dua Lipa', 'dance pop', '2019', '124', '79', '79', '-5', '10', '68', '183', '1', '8', '97', 'israel'),
(8, 'bad guy', 'Billie Eilish', 'electropop', '2019', '135', '43', '70', '-11', '10', '56', '194', '33', '38', '96', 'israel'),
(9, 'Someone You Loved', 'Lewis Capaldi', 'pop', '2019', '110', '41', '50', '-6', '11', '45', '182', '75', '3', '96', 'israel'),
(10, 'HIGHEST IN THE ROOM', 'Travis Scott', 'rap', '2019', '76', '43', '60', '-9', '21', '6', '176', '5', '3', '96', 'israel'),
(11, 'Blinding Lights', 'The Weeknd', 'canadian contemporary r&b', '2019', '171', '80', '51', '-4', '9', '35', '202', '0', '6', '96', 'israel'),
(12, 'Lucid Dreams', 'Juice WRLD', 'chicago rap', '2018', '84', '57', '51', '-7', '34', '22', '240', '35', '20', '94', 'israel'),
(13, 'Lalala', 'Y2K', 'pop rap', '2019', '130', '39', '84', '-8', '14', '50', '161', '18', '8', '93', 'israel'),
(14, '7 rings', 'Ariana Grande', 'dance pop', '2019', '140', '32', '78', '-11', '9', '33', '179', '59', '33', '92', 'israel'),
(15, 'My Oh My (feat. DaBaby)', 'Camila Cabello', 'dance pop', '2019', '105', '49', '72', '-6', '9', '38', '171', '2', '3', '91', 'israel'),
(16, 'Seńorita', 'Shawn Mendes', 'canadian pop', '2019', '117', '55', '76', '-6', '8', '75', '191', '4', '3', '89', 'israel'),
(17, 'Beautiful People (feat. Khalid)', 'Ed Sheeran', 'pop', '2019', '93', '65', '64', '-8', '8', '55', '198', '12', '19', '86', 'israel'),
(18, 'I Don\'t Care (with Justin Bieber)', 'Ed Sheeran', 'pop', '2019', '102', '68', '80', '-5', '9', '84', '220', '9', '4', '85', 'israel'),
(19, 'Nevermind', 'Dennis Lloyd', 'israeli pop', '2017', '100', '69', '60', '-8', '41', '8', '157', '16', '20', '81', 'israel'),
(20, 'Never Go Back', 'Dennis Lloyd', 'israeli pop', '2019', '79', '65', '42', '-5', '11', '73', '175', '1', '40', '76', 'israel'),
(21, 'Unfaithful', 'Dennis Lloyd', 'israeli pop', '2019', '76', '57', '64', '-5', '25', '42', '141', '1', '5', '69', 'israel'),
(22, '<U+05DE><U+05E1><U+05E2>', 'Eliad', 'israeli pop', '2019', '115', '66', '80', '-7', '10', '59', '207', '12', '4', '59', 'israel'),
(23, '<U+05E0><U+05D7><U+05DB><U+05D4> <U+05DC><U+05DA>', 'Nathan Goshen', 'israeli pop', '2019', '75', '47', '54', '-8', '7', '46', '207', '49', '3', '58', 'israel'),
(24, '<U+05D0><U+05DC><U+05D5><U+05E3> <U+05D4><U+05E2><U+05D5><U+05DC><U+05DD>', 'Hanan Ben Ari', 'israeli pop', '2019', '128', '43', '58', '-8', '13', '22', '216', '75', '5', '58', 'israel'),
(25, '<U+05DC><U+05E9><U+05D5><U+05D1> <U+05D4><U+05D1><U+05D9><U+05EA><U+05D4>', 'Ishay Ribo', 'israeli pop', '2018', '104', '45', '73', '-9', '9', '63', '197', '51', '3', '57', 'israel'),
(26, '\'<U+05E4><U+05D0><U+05D5><U+05E5>', 'Noa Kirel', 'israeli pop', '2019', '140', '66', '80', '-7', '25', '79', '167', '23', '6', '56', 'israel'),
(27, '<U+05D0><U+05D9><U+05DF> <U+05D9><U+05D5><U+05EA><U+05E8> <U+05DE><U+05D5><U+05E2><U+05D3><U+05D5><U+05E0><U+05D9><U+05DD>', 'Eden Hason', 'israeli mediterranean', '2019', '90', '61', '61', '-5', '7', '63', '184', '10', '6', '56', 'israel'),
(28, '<U+05DB><U+05EA><U+05D1><U+05EA><U+05D9> <U+05E2><U+05DC><U+05D9><U+05D9><U+05DA> <U+05E9><U+05D9><U+05E8>', 'Omer Adam', 'israeli mediterranean', '2019', '92', '61', '82', '-7', '5', '65', '169', '25', '11', '56', 'israel'),
(29, '<U+05D4><U+05DC><U+05D1> <U+05E9><U+05DC><U+05D9>', 'Omer Adam', 'israeli mediterranean', '2019', '129', '38', '41', '-7', '11', '32', '317', '83', '3', '56', 'israel'),
(30, '<U+05D0><U+05D2><U+05E8><U+05D5><U+05E3>', 'Eden Ben Zaken', 'israeli mediterranean', '2019', '120', '52', '54', '-9', '21', '27', '189', '54', '6', '55', 'israel'),
(31, '<U+05DE><U+05DE><U+05D4> <U+05D0><U+05EA> <U+05DE><U+05E4><U+05D7><U+05D3><U+05EA>', 'Eyal Golan', 'israeli mediterranean', '2019', '132', '38', '64', '-8', '11', '39', '192', '64', '4', '55', 'israel'),
(32, '<U+05DE><U+05EA><U+05D2><U+05E2><U+05D2><U+05E2><U+05EA>', 'Nathan Goshen', 'israeli pop', '2019', '137', '35', '63', '-7', '53', '19', '182', '3', '4', '55', 'israel'),
(33, '<U+05E0><U+05D9><U+05E6><U+05D7><U+05EA> <U+05D0><U+05D9><U+05EA><U+05D9> <U+05D4><U+05DB><U+05DC> <U+05DC><U+05D9><U+05D9><U+05D1>', 'Ishay Ribo', 'israeli pop', '2019', '98', '56', '38', '-6', '98', '24', '302', '53', '3', '54', 'israel'),
(34, '<U+05DB><U+05E9><U+05E0><U+05D2><U+05DE><U+05E8><U+05EA> <U+05D4><U+05E1><U+05D5><U+05E4><U+05D4>', 'Eden Hason', 'israeli mediterranean', '2019', '136', '55', '60', '-6', '34', '58', '216', '16', '3', '54', 'israel'),
(35, '<U+05DE><U+05D0><U+05D5><U+05E9><U+05E8><U+05D9><U+05DD>', 'Doli & Penn', 'israeli pop', '2019', '128', '80', '63', '-5', '17', '67', '232', '21', '6', '54', 'israel'),
(36, '<U+05D0><U+05D7><U+05EA> <U+05D5><U+05DC><U+05EA><U+05DE><U+05D9><U+05D3>', 'Ishay Ribo', 'israeli pop', '2018', '96', '48', '60', '-10', '11', '44', '245', '48', '3', '54', 'israel'),
(37, '<U+05D3><U+05D9><U+05D1><U+05D5><U+05E8> <U+05E0><U+05D2><U+05D5><U+05E2>', 'Mergui', 'israeli hip hop', '2019', '97', '49', '90', '-4', '8', '73', '166', '6', '17', '53', 'israel'),
(38, '<U+05DB><U+05E4><U+05D9><U+05D5><U+05EA>', 'Eden Hason', 'israeli mediterranean', '2019', '120', '50', '64', '-7', '12', '33', '180', '51', '4', '53', 'israel'),
(39, '<U+05DE><U+05D9><U+05E9><U+05D4><U+05D5> <U+05D0><U+05D9><U+05EA><U+05D9> <U+05DB><U+05D0><U+05DF>', 'Benaia Barabi', 'israeli mediterranean', '2019', '100', '63', '72', '-6', '12', '38', '219', '73', '3', '53', 'israel'),
(40, '<U+05D7><U+05DC><U+05E7> <U+05DE><U+05D4><U+05D6><U+05DE><U+05DF>', 'Idan Amedi', 'israeli pop', '2017', '68', '46', '57', '-8', '13', '64', '223', '63', '3', '53', 'israel'),
(41, '<U+05D4><U+05DC><U+05D1> <U+05E9><U+05DC><U+05D9>', 'Ishay Ribo', 'israeli pop', '2019', '136', '42', '56', '-9', '7', '26', '239', '64', '3', '52', 'israel'),
(42, '<U+05D1><U+05D0><U+05EA><U+05D9> <U+05DC><U+05D7><U+05DC><U+05D5><U+05DD>', 'Nathan Goshen', 'israeli pop', '2018', '171', '72', '36', '-7', '8', '38', '199', '17', '11', '52', 'israel'),
(43, '<U+05E9><U+05DE><U+05E9>', 'Hanan Ben Ari', 'israeli pop', '2019', '124', '42', '50', '-9', '9', '11', '238', '57', '4', '52', 'israel'),
(44, '<U+05D1><U+05DE><U+05E7><U+05D5><U+05DD> <U+05D4><U+05DB><U+05D9> <U+05E8><U+05D7><U+05D5><U+05E7>', 'Benaia Barabi', 'israeli mediterranean', '2019', '112', '56', '68', '-7', '36', '36', '201', '59', '5', '51', 'israel'),
(45, '<U+05E9><U+05DE><U+05D9><U+05E9><U+05D4><U+05D5> <U+05D9><U+05E2><U+05E6><U+05D5><U+05E8> <U+05D0><U+05D5><U+05EA><U+05D9>', 'Eden Hason', 'israeli mediterranean', '2019', '134', '57', '66', '-6', '11', '51', '224', '51', '4', '51', 'israel'),
(46, '<U+05E2><U+05D1>\"<U+05DE>', 'Tuna', 'israeli hip hop', '2019', '67', '68', '66', '-8', '12', '48', '323', '45', '20', '50', 'israel'),
(47, '<U+05DC><U+05E7><U+05D7><U+05EA> <U+05D0><U+05EA> <U+05D4><U+05DE><U+05E4><U+05EA><U+05D7><U+05D5><U+05EA>', 'Itay Levi', 'israeli mediterranean', '2019', '74', '44', '47', '-6', '10', '35', '208', '66', '13', '48', 'israel'),
(48, '<U+05E6><U+05D1><U+05E2><U+05D9><U+05DD>', 'Gil Vain', 'israeli mediterranean', '2019', '140', '55', '73', '-8', '13', '73', '208', '80', '5', '48', 'israel'),
(49, '<U+05E7><U+05D9><U+05E8><U+05D5><U+05EA>', 'Itay Levi', 'israeli mediterranean', '2019', '123', '57', '78', '-8', '18', '50', '197', '40', '7', '46', 'israel'),
(50, 'Ve\'Eem Tavo\'ee Elay (And If You Will Come To Me)', 'Idan Raichel', 'classic israeli pop', '2019', '112', '88', '73', '-5', '10', '23', '213', '50', '3', '43', 'israel'),
(1, 'Dance Monkey', 'Tones and I', 'australian pop', '2019', '98', '59', '82', '-6', '15', '51', '209', '69', '9', '100', 'italy'),
(2, 'Memories', 'Maroon 5', 'pop', '2019', '91', '32', '76', '-7', '8', '57', '189', '84', '5', '99', 'italy'),
(3, 'ROXANNE', 'Arizona Zervas', 'pop rap', '2019', '117', '60', '62', '-6', '46', '46', '164', '5', '15', '99', 'italy'),
(4, 'All I Want for Christmas Is You', 'Mariah Carey', 'dance pop', '1994', '150', '63', '34', '-7', '7', '35', '241', '16', '4', '98', 'italy'),
(5, 'RITMO (Bad Boys For Life)', 'The Black Eyed Peas', 'dance pop', '2019', '105', '72', '72', '-7', '24', '67', '222', '3', '7', '97', 'italy'),
(6, 'Falling', 'Trevor Daniel', 'alternative r&b', '2018', '127', '43', '78', '-9', '9', '24', '159', '12', '4', '97', 'italy'),
(7, 'Santa Tell Me', 'Ariana Grande', 'dance pop', '2014', '192', '62', '53', '-7', '29', '59', '204', '5', '12', '95', 'italy'),
(8, 'Rockin\' Around The Christmas Tree', 'Brenda Lee', 'adult standards', '1964', '67', '47', '59', '-9', '51', '90', '126', '61', '5', '93', 'italy'),
(9, 'Happy Xmas (War Is Over) - Remastered', 'John Lennon', 'album rock', '2010', '147', '61', '33', '-11', '77', '40', '214', '32', '3', '92', 'italy'),
(10, 'Jingle Bell Rock', 'Bobby Helms', 'adult standards', '1992', '120', '42', '75', '-8', '7', '81', '131', '64', '4', '92', 'italy'),
(11, 'Mistletoe', 'Justin Bieber', 'canadian pop', '2011', '162', '56', '66', '-9', '8', '85', '183', '50', '5', '92', 'italy'),
(12, 'It\'s the Most Wonderful Time of the Year', 'Andy Williams', 'adult standards', '1963', '202', '60', '24', '-8', '12', '78', '152', '77', '4', '92', 'italy'),
(13, 'Let It Snow! Let It Snow! Let It Snow! (with The B. Swanson Quartet)', 'Frank Sinatra', 'adult standards', '1994', '142', '26', '65', '-13', '36', '84', '155', '90', '6', '91', 'italy'),
(14, 'Wonderful Christmastime - Edited Version / Remastered 2011', 'Paul McCartney', 'album rock', '1980', '95', '51', '77', '-9', '7', '77', '228', '32', '3', '91', 'italy'),
(15, 'Ayy Macarena', 'Tyga', 'pop rap', '2019', '96', '63', '82', '-6', '7', '72', '132', '13', '23', '90', 'italy'),
(16, 'Underneath the Tree', 'Kelly Clarkson', 'dance pop', '2013', '160', '81', '51', '-5', '21', '69', '230', '0', '5', '88', 'italy'),
(17, 'Santa Claus Is Comin\' to Town - Live at C.W. Post College, Greenvale, NY - December 1975', 'Bruce Springsteen', 'heartland rock', '1981', '140', '67', '36', '-8', '73', '41', '268', '36', '5', '86', 'italy'),
(18, 'Last Christmas', 'Wham!', 'new wave pop', '1984', '108', '48', '74', '-12', '36', '95', '263', '19', '3', '85', 'italy'),
(19, 'Feliz Navidad', 'José Feliciano', 'latin pop', '2001', '149', '86', '49', '-7', '35', '96', '182', '53', '4', '85', 'italy'),
(20, 'You Make It Feel Like Christmas (feat. Blake Shelton)', 'Gwen Stefani', 'dance pop', '2017', '93', '87', '64', '-4', '12', '91', '157', '2', '4', '85', 'italy'),
(21, 'It\'s Beginning to Look a Lot like Christmas', 'Michael Bublé', 'adult standards', '2011', '93', '22', '33', '-11', '34', '36', '207', '88', '3', '84', 'italy'),
(22, 'fuck 3x', 'tha Supreme', 'trap italiana', '2019', '180', '81', '66', '-5', '11', '69', '161', '7', '8', '82', 'italy'),
(23, 'Holly Jolly Christmas', 'Michael Bublé', 'adult standards', '2011', '151', '43', '61', '-9', '9', '74', '122', '86', '4', '82', 'italy'),
(24, 'Happy Xmas (War Is Over)', 'Céline Dion', 'canadian pop', '1998', '172', '60', '34', '-5', '28', '16', '255', '45', '3', '82', 'italy'),
(25, 'SUPREME - L\'ego (feat. tha Supreme & Sfera Ebbasta)', 'Marracash', 'italian hip hop', '2019', '141', '66', '66', '-6', '13', '51', '223', '7', '6', '81', 'italy'),
(26, 'blun7 a swishland', 'tha Supreme', 'trap italiana', '2019', '130', '79', '69', '-6', '26', '57', '168', '13', '25', '80', 'italy'),
(27, 'Ti volevo dedicare (feat. J-AX & Boomdabash)', 'Rocco Hunt', 'italian hip hop', '2019', '120', '73', '75', '-6', '19', '27', '208', '1', '7', '80', 'italy'),
(28, 'CRUDELIA - I nervi', 'Marracash', 'italian hip hop', '2019', '82', '55', '55', '-8', '34', '7', '231', '15', '10', '80', 'italy'),
(29, 'Soldi in Nero - feat. Sfera Ebbasta', 'Shiva', 'italian hip hop', '2019', '158', '66', '75', '-5', '17', '35', '184', '15', '28', '79', 'italy'),
(30, 'Pookie (feat. Capo Plaza) - Remix', 'Aya Nakamura', 'basshall', '2019', '98', '62', '84', '-7', '10', '51', '188', '6', '13', '78', 'italy'),
(31, 'sw1n6o - feat. Salmo', 'tha Supreme', 'trap italiana', '2019', '170', '83', '57', '-6', '79', '79', '184', '12', '9', '78', 'italy'),
(32, 'm12ano - feat. Mara Sattei', 'tha Supreme', 'trap italiana', '2019', '65', '51', '58', '-6', '8', '48', '188', '4', '4', '78', 'italy'),
(33, 'Chiasso', 'Random', 'italian hip hop', '2019', '92', '45', '72', '-13', '10', '46', '182', '25', '19', '78', 'italy'),
(34, 'Santa Claus Is Comin\' to Town', 'Frank Sinatra', 'adult standards', '1994', '140', '20', '65', '-12', '31', '69', '155', '83', '6', '78', 'italy'),
(35, 'Bossoli', 'Shiva', 'italian hip hop', '2019', '145', '66', '83', '-8', '14', '80', '179', '44', '26', '77', 'italy'),
(36, 'BRAVI A CADERE - I polmoni', 'Marracash', 'italian hip hop', '2019', '95', '69', '61', '-6', '10', '28', '200', '16', '10', '77', 'italy'),
(37, 'Barrio', 'Mahmood', 'italian arena pop', '2019', '122', '70', '80', '-7', '11', '57', '165', '6', '7', '77', 'italy'),
(38, 'Gigolņ (feat. Sfera Ebbasta & Capo Plaza)', 'Lazza', 'italian hip hop', '2019', '98', '63', '80', '-9', '9', '39', '164', '9', '14', '77', 'italy'),
(39, 'occh1 purpl3 - feat. Marracash', 'tha Supreme', 'trap italiana', '2019', '134', '81', '66', '-5', '16', '55', '188', '9', '16', '77', 'italy'),
(40, 'Non Avere Paura', 'Tommaso Paradiso', 'italian arena pop', '2019', '105', '68', '57', '-6', '11', '24', '247', '43', '4', '77', 'italy'),
(41, 'CHARLES MANSON (BUON NATALE2) (feat. Lazza) - feat. Dani Faiv, Nitro', 'Salmo', 'italian hip hop', '2019', '120', '83', '72', '-5', '44', '48', '258', '1', '21', '76', 'italy'),
(42, 'Tutto Questo Sei Tu', 'Ultimo', 'italian pop', '2019', '162', '51', '45', '-6', '11', '42', '245', '44', '3', '76', 'italy'),
(43, 'Una volta ancora (feat. Ana Mena)', 'Fred De Palma', 'italian arena pop', '2019', '124', '64', '77', '-5', '10', '59', '174', '8', '6', '76', 'italy'),
(44, 'ch1 5ei te', 'tha Supreme', 'trap italiana', '2019', '88', '78', '49', '-6', '16', '32', '184', '5', '7', '76', 'italy'),
(45, 'Santa Claus Is Coming to Town', 'Michael Bublé', 'adult standards', '2011', '123', '40', '59', '-7', '4', '42', '172', '79', '5', '75', 'italy'),
(46, 'GANG (feat. Geolier)', 'Samurai Jay', 'italian hip hop', '2019', '95', '46', '80', '-11', '21', '58', '162', '4', '24', '75', 'italy'),
(47, 'Holly & Benji (feat. Capo Plaza & Shiva)', 'AVA', 'italian hip hop', '2019', '78', '79', '42', '-6', '11', '50', '220', '1', '27', '74', 'italy'),
(48, 'ANSIA NO', 'FSK SATELLITE', 'italian hip hop', '2019', '160', '68', '82', '-7', '22', '71', '149', '15', '56', '73', 'italy'),
(49, 'm8nstar', 'tha Supreme', 'trap italiana', '2019', '165', '76', '58', '-6', '11', '44', '165', '5', '4', '73', 'italy'),
(50, 'Cin Cin', 'Alfa', 'italian arena pop', '2019', '121', '63', '70', '-4', '13', '37', '180', '26', '3', '65', 'italy'),
(1, 'All I Want for Christmas Is You', 'Mariah Carey', 'dance pop', '1994', '150', '63', '34', '-7', '7', '35', '241', '16', '4', '98', 'japan'),
(2, 'bad guy', 'Billie Eilish', 'electropop', '2019', '135', '43', '70', '-11', '10', '56', '194', '33', '38', '96', 'japan'),
(3, 'Santa Tell Me', 'Ariana Grande', 'dance pop', '2014', '192', '62', '53', '-7', '29', '59', '204', '5', '12', '95', 'japan'),
(4, 'Happy Xmas (War Is Over) - Remastered', 'John Lennon', 'album rock', '2010', '147', '61', '33', '-11', '77', '40', '214', '32', '3', '92', 'japan'),
(5, 'Underneath the Tree', 'Kelly Clarkson', 'dance pop', '2013', '160', '81', '51', '-5', '21', '69', '230', '0', '5', '88', 'japan'),
(6, 'Shape of You', 'Ed Sheeran', 'pop', '2017', '96', '65', '83', '-3', '9', '93', '234', '58', '8', '87', 'japan'),
(7, 'Last Christmas', 'Wham!', 'new wave pop', '1984', '108', '48', '74', '-12', '36', '95', '263', '19', '3', '85', 'japan'),
(8, 'Gurenge', 'LiSA', 'anime rock', '2019', '135', '98', '55', '-3', '8', '31', '239', '0', '15', '73', 'japan'),
(9, '<U+30CE><U+30FC><U+30C0><U+30A6><U+30C8>', 'Official HIGE DANdism', 'anime rock', '2018', '150', '94', '57', '-3', '34', '79', '202', '6', '7', '72', 'japan'),
(10, '115<U+4E07><U+30AD><U+30ED><U+306E><U+30D5><U+30A3><U+30EB><U+30E0>', 'Official HIGE DANdism', 'anime rock', '2018', '97', '79', '51', '-2', '14', '48', '325', '0', '3', '71', 'japan'),
(11, '<U+30AF><U+30EA><U+30B9><U+30DE><U+30B9><U+30BD><U+30F3><U+30B0>', 'back number', 'j-pop', '2015', '154', '71', '40', '-3', '12', '42', '340', '13', '3', '70', 'japan'),
(12, '<U+9AD8><U+5DBA><U+306E><U+82B1><U+5B50><U+3055><U+3093>', 'back number', 'j-pop', '2014', '138', '92', '54', '-3', '12', '34', '295', '7', '6', '69', 'japan'),
(13, '<U+541B><U+306F><U+30ED><U+30C3><U+30AF><U+3092><U+8074><U+304B><U+306A><U+3044>', 'Aimyon', 'j-acoustic', '2017', '100', '69', '52', '-4', '17', '62', '246', '0', '3', '69', 'japan'),
(14, '<U+305F><U+3060><U+541B><U+306B><U+6674><U+308C>', 'Yorushika', 'j-pop', '2018', '140', '83', '68', '-3', '12', '96', '199', '34', '3', '69', 'japan'),
(15, 'HANABI', 'Mr.Children', 'j-pop', '2008', '112', '77', '64', '-6', '12', '60', '343', '16', '3', '68', 'japan'),
(16, '<U+30CF><U+30C3><U+30D4><U+30FC><U+30A8><U+30F3><U+30C9>', 'back number', 'j-pop', '2016', '78', '65', '36', '-3', '16', '34', '314', '5', '4', '68', 'japan'),
(17, '<U+6253><U+4E0A><U+82B1><U+706B>', 'DAOKO×<U+7C73><U+6D25><U+7384><U+5E2B>', 'j-pop', '2017', '96', '67', '63', '-4', '11', '29', '290', '29', '2', '68', 'japan'),
(18, 'Turning Up', 'ARASHI', 'j-pop', '2019', '118', '82', '77', '-5', '24', '90', '183', '2', '10', '68', 'japan'),
(19, '<U+30CF><U+30EB><U+30CE><U+30D2>', 'Aimyon', 'j-acoustic', '2019', '107', '67', '59', '-2', '11', '53', '327', '26', '3', '67', 'japan'),
(20, '<U+30EF><U+30BF><U+30EA><U+30C9><U+30EA>', '[ALEXANDROS]', 'anime rock', '2015', '135', '96', '51', '-4', '20', '61', '249', '0', '8', '67', 'japan'),
(21, '<U+70B9><U+63CF><U+306E><U+5504>', 'Mrs. GREEN APPLE', 'anime rock', '2018', '152', '63', '50', '-5', '10', '31', '307', '45', '3', '67', 'japan'),
(22, 'Walking with you', 'Novelbright', 'j-pop', '2018', '93', '97', '42', '-1', '53', '50', '223', '1', '6', '67', 'japan'),
(23, '366<U+65E5>', 'HY', 'j-pop', '2008', '152', '43', '38', '-7', '21', '18', '353', '68', '3', '66', 'japan'),
(24, '<U+30C8><U+30EA><U+30B3>', 'Nissy', 'j-pop', '2019', '90', '80', '63', '-3', '6', '72', '232', '9', '4', '66', 'japan'),
(25, '<U+7A7A><U+306E><U+9752><U+3055><U+3092><U+77E5><U+308B><U+4EBA><U+3088>', 'Aimyon', 'j-acoustic', '2019', '108', '71', '57', '-2', '31', '63', '305', '18', '3', '66', 'japan'),
(26, '<U+594F>(<U+304B><U+306A><U+3067>)', 'Sukima Switch', 'j-pop', '2004', '150', '67', '52', '-6', '9', '46', '329', '55', '3', '66', 'japan'),
(27, '<U+611B><U+3092><U+4F1D><U+3048><U+305F><U+3044><U+3060><U+3068><U+304B>', 'Aimyon', 'j-acoustic', '2017', '100', '85', '67', '-5', '9', '79', '235', '3', '3', '66', 'japan'),
(28, '<U+30A4><U+30F3><U+30D5><U+30A7><U+30EB><U+30CE>', 'Mrs. GREEN APPLE', 'anime rock', '2019', '93', '92', '53', '-2', '64', '66', '212', '1', '6', '65', 'japan'),
(29, '<U+9752><U+3068><U+590F>', 'Mrs. GREEN APPLE', 'anime rock', '2019', '185', '89', '31', '-2', '28', '75', '270', '0', '5', '65', 'japan'),
(30, '<U+30D2><U+30ED><U+30A4><U+30F3>', 'back number', 'j-pop', '2015', '76', '60', '43', '-4', '22', '36', '270', '21', '3', '65', 'japan'),
(31, '<U+3072><U+307E><U+308F><U+308A><U+306E><U+7D04><U+675F>', 'Motohiro Hata', 'j-acoustic', '2015', '79', '45', '52', '-6', '18', '34', '308', '19', '3', '65', 'japan'),
(32, '<U+30ED><U+30DE><U+30F3><U+30C1><U+30B7><U+30BA><U+30E0>', 'Mrs. GREEN APPLE', 'anime rock', '2019', '126', '88', '60', '-3', '5', '90', '214', '0', '6', '64', 'japan'),
(33, 'Wherever you are', 'ONE OK ROCK', 'j-pop', '2010', '174', '69', '38', '-5', '34', '29', '296', '3', '5', '62', 'japan'),
(34, '<U+30DE><U+30EA><U+30FC><U+30B4><U+30FC><U+30EB><U+30C9>', 'Aimyon', 'j-acoustic', '2018', '106', '75', '55', '-3', '9', '41', '307', '5', '3', '59', 'japan'),
(35, 'Pretender', 'Official HIGE DANdism', 'anime rock', '2019', '92', '87', '54', '-3', '14', '37', '327', '5', '3', '56', 'japan'),
(36, 'Hakujitsu', 'King Gnu', 'j-pop', '2019', '93', '90', '61', '-3', '29', '75', '275', '67', '11', '56', 'japan'),
(37, '<U+4ECA><U+591C><U+3053><U+306E><U+307E><U+307E>', 'Aimyon', 'j-acoustic', '2018', '105', '85', '44', '-4', '9', '64', '238', '3', '4', '56', 'japan'),
(38, 'Yesterday', 'Official HIGE DANdism', 'anime rock', '2019', '130', '80', '54', '-4', '40', '56', '299', '4', '4', '55', 'japan'),
(39, 'Shukumei', 'Official HIGE DANdism', 'anime rock', '2019', '164', '58', '55', '-6', '11', '49', '281', '2', '3', '53', 'japan'),
(40, 'Machigaisagashi', 'Masaki Suda', 'anime rock', '2019', '156', '64', '53', '-6', '39', '44', '224', '52', '4', '53', 'japan'),
(41, '<U+65B0><U+5B9D><U+5CF6>', 'Sakanaction', 'j-pop', '2019', '158', '92', '55', '-3', '35', '65', '305', '0', '7', '53', 'japan'),
(42, 'Sayonara Elegy', 'Masaki Suda', 'anime rock', '2018', '155', '93', '47', '-3', '28', '62', '257', '0', '5', '51', 'japan'),
(43, 'Umbrella', 'King Gnu', 'j-pop', '2019', '105', '90', '65', '-3', '5', '70', '202', '38', '8', '51', 'japan'),
(44, 'Hikoutei', 'King Gnu', 'j-pop', '2019', '80', '85', '47', '-3', '33', '49', '262', '4', '5', '50', 'japan'),
(45, 'Stand By You', 'Official HIGE DANdism', 'anime rock', '2019', '154', '87', '61', '-5', '28', '63', '256', '1', '4', '49', 'japan'),
(46, '<U+611B><U+5504>', 'GReeeeN', 'j-pop', '2015', '170', '78', '50', '-4', '19', '45', '237', '11', '3', '48', 'japan'),
(47, '<U+611B><U+3092><U+3053><U+3081><U+3066><U+82B1><U+675F><U+3092>', 'Superfly', 'j-pop', '2017', '162', '83', '34', '-3', '7', '42', '297', '10', '5', '47', 'japan'),
(48, 'Paprika', 'Foorin', 'kodomo no ongaku', '2018', '101', '77', '75', '-5', '77', '73', '208', '14', '4', '46', 'japan'),
(49, 'Teenager Forever', 'King Gnu', 'j-pop', '2019', '115', '92', '50', '-4', '34', '70', '189', '7', '11', '39', 'japan'),
(50, '<U+5C0F><U+3055><U+306A><U+604B><U+306E><U+3046><U+305F>', 'MONGOL800', 'j-pop', '2001', '116', '78', '40', '-5', '23', '63', '223', '0', '4', '0', 'japan'),
(1, 'Dance Monkey', 'Tones and I', 'australian pop', '2019', '98', '59', '82', '-6', '15', '51', '209', '69', '9', '100', 'malasya'),
(2, 'Memories', 'Maroon 5', 'pop', '2019', '91', '32', '76', '-7', '8', '57', '189', '84', '5', '99', 'malasya'),
(3, 'ROXANNE', 'Arizona Zervas', 'pop rap', '2019', '117', '60', '62', '-6', '46', '46', '164', '5', '15', '99', 'malasya'),
(4, 'Circles', 'Post Malone', 'dfw rap', '2019', '120', '76', '70', '-3', '9', '55', '215', '19', '4', '99', 'malasya'),
(5, 'All I Want for Christmas Is You', 'Mariah Carey', 'dance pop', '1994', '150', '63', '34', '-7', '7', '35', '241', '16', '4', '98', 'malasya'),
(6, 'everything i wanted', 'Billie Eilish', 'electropop', '2019', '120', '23', '70', '-14', '11', '24', '245', '90', '10', '98', 'malasya'),
(7, 'Falling', 'Trevor Daniel', 'alternative r&b', '2018', '127', '43', '78', '-9', '9', '24', '159', '12', '4', '97', 'malasya'),
(8, 'Don\'t Start Now', 'Dua Lipa', 'dance pop', '2019', '124', '79', '79', '-5', '10', '68', '183', '1', '8', '97', 'malasya'),
(9, 'Lose You To Love Me', 'Selena Gomez', 'dance pop', '2019', '102', '34', '51', '-9', '21', '9', '206', '58', '4', '97', 'malasya'),
(10, 'Someone You Loved', 'Lewis Capaldi', 'pop', '2019', '110', '41', '50', '-6', '11', '45', '182', '75', '3', '96', 'malasya'),
(11, 'hot girl bummer', 'blackbear', 'pop', '2019', '130', '56', '78', '-7', '40', '68', '185', '13', '8', '96', 'malasya'),
(12, 'Blinding Lights', 'The Weeknd', 'canadian contemporary r&b', '2019', '171', '80', '51', '-4', '9', '35', '202', '0', '6', '96', 'malasya'),
(13, 'bad guy', 'Billie Eilish', 'electropop', '2019', '135', '43', '70', '-11', '10', '56', '194', '33', '38', '96', 'malasya'),
(14, 'Santa Tell Me', 'Ariana Grande', 'dance pop', '2014', '192', '62', '53', '-7', '29', '59', '204', '5', '12', '95', 'malasya'),
(15, 'Lucid Dreams', 'Juice WRLD', 'chicago rap', '2018', '84', '57', '51', '-7', '34', '22', '240', '35', '20', '94', 'malasya'),
(16, 'How Do You Sleep?', 'Sam Smith', 'pop', '2019', '111', '68', '48', '-5', '8', '35', '202', '15', '9', '93', 'malasya'),
(17, '10,000 Hours (with Justin Bieber)', 'Dan + Shay', 'contemporary country', '2019', '90', '63', '65', '-5', '11', '43', '168', '15', '3', '93', 'malasya'),
(18, 'Rockin\' Around The Christmas Tree', 'Brenda Lee', 'adult standards', '1964', '67', '47', '59', '-9', '51', '90', '126', '61', '5', '93', 'malasya'),
(19, 'Trampoline (with ZAYN)', 'SHAED', 'electropop', '2019', '127', '46', '62', '-6', '14', '50', '184', '56', '3', '92', 'malasya'),
(20, 'Mistletoe', 'Justin Bieber', 'canadian pop', '2011', '162', '56', '66', '-9', '8', '85', '183', '50', '5', '92', 'malasya'),
(21, 'Goodbyes (feat. Young Thug)', 'Post Malone', 'dfw rap', '2019', '150', '65', '55', '-4', '10', '16', '175', '46', '8', '92', 'malasya'),
(22, 'Jingle Bell Rock', 'Bobby Helms', 'adult standards', '1992', '120', '42', '75', '-8', '7', '81', '131', '64', '4', '92', 'malasya'),
(23, 'It\'s the Most Wonderful Time of the Year', 'Andy Williams', 'adult standards', '1963', '202', '60', '24', '-8', '12', '78', '152', '77', '4', '92', 'malasya'),
(24, 'My Oh My (feat. DaBaby)', 'Camila Cabello', 'dance pop', '2019', '105', '49', '72', '-6', '9', '38', '171', '2', '3', '91', 'malasya'),
(25, 'It\'s You', 'Ali Gatie', 'canadian hip hop', '2019', '96', '46', '73', '-7', '19', '40', '213', '37', '3', '90', 'malasya'),
(26, 'No Idea', 'Don Toliver', 'rap', '2019', '128', '61', '66', '-5', '22', '35', '154', '56', '10', '90', 'malasya'),
(27, 'Seńorita', 'Shawn Mendes', 'canadian pop', '2019', '117', '55', '76', '-6', '8', '75', '191', '4', '3', '89', 'malasya'),
(28, 'Mean It', 'Lauv', 'pop', '2019', '96', '45', '75', '-9', '17', '34', '233', '4', '9', '89', 'malasya'),
(29, 'Into the Unknown', 'Idina Menzel', 'hollywood', '2019', '145', '41', '32', '-9', '14', '27', '195', '85', '4', '88', 'malasya'),
(30, 'Sunflower - Spider-Man: Into the Spider-Verse', 'Post Malone', 'dfw rap', '2019', '90', '52', '76', '-4', '7', '93', '158', '53', '6', '88', 'malasya'),
(31, 'Falling', 'Harry Styles', 'dance pop', '2019', '110', '27', '57', '-7', '9', '6', '240', '84', '3', '88', 'malasya'),
(32, 'Lover (Remix) [feat. Shawn Mendes]', 'Taylor Swift', 'pop', '2019', '205', '60', '45', '-7', '9', '42', '221', '43', '6', '88', 'malasya'),
(33, 'I.F.L.Y.', 'Bazzi', 'pop', '2019', '105', '52', '81', '-5', '13', '55', '166', '38', '4', '87', 'malasya'),
(34, 'Adore You', 'Harry Styles', 'dance pop', '2019', '99', '77', '68', '-4', '10', '57', '207', '2', '5', '87', 'malasya'),
(35, 'Boy With Luv (feat. Halsey)', 'BTS', 'k-pop', '2019', '120', '86', '65', '-5', '19', '80', '230', '9', '10', '87', 'malasya'),
(36, 'Watermelon Sugar', 'Harry Styles', 'dance pop', '2019', '95', '82', '55', '-4', '34', '56', '174', '12', '5', '86', 'malasya'),
(37, 'Beautiful People (feat. Khalid)', 'Ed Sheeran', 'pop', '2019', '93', '65', '64', '-8', '8', '55', '198', '12', '19', '86', 'malasya'),
(38, 'comethru', 'Jeremy Zucker', 'pop', '2018', '94', '18', '80', '-12', '62', '61', '182', '61', '6', '86', 'malasya'),
(39, 'Last Christmas', 'Wham!', 'new wave pop', '1984', '108', '48', '74', '-12', '36', '95', '263', '19', '3', '85', 'malasya'),
(40, 'It\'s Beginning to Look a Lot like Christmas', 'Michael Bublé', 'adult standards', '2011', '93', '22', '33', '-11', '34', '36', '207', '88', '3', '84', 'malasya'),
(41, 'Takeaway', 'The Chainsmokers', 'electropop', '2019', '100', '51', '53', '-8', '10', '35', '210', '13', '3', '83', 'malasya'),
(42, 'Holly Jolly Christmas', 'Michael Bublé', 'adult standards', '2011', '151', '43', '61', '-9', '9', '74', '122', '86', '4', '82', 'malasya'),
(43, 'Before You Go', 'Lewis Capaldi', 'pop', '2019', '112', '57', '46', '-5', '9', '18', '215', '60', '6', '82', 'malasya'),
(44, 'I Love You 3000', 'Stephanie Poetri', 'indonesian pop', '2019', '90', '38', '65', '-8', '39', '41', '210', '91', '4', '79', 'malasya'),
(45, 'Psycho', 'Red Velvet', 'k-pop', '2019', '140', '67', '66', '-2', '9', '41', '211', '19', '4', '75', 'malasya'),
(46, 'Feelings', 'Lauv', 'pop', '2019', '103', '47', '69', '-7', '10', '25', '190', '9', '4', '73', 'malasya'),
(47, 'Mimpi (feat. Alif)', 'K-Clique', 'malaysian indie', '2019', '150', '73', '83', '-7', '10', '87', '253', '53', '29', '66', 'malasya'),
(48, 'Cinta Luar Biasa', 'Andmesh', 'indonesian pop', '2019', '136', '23', '58', '-12', '10', '32', '256', '81', '3', '66', 'malasya'),
(49, 'Haa Tepok', 'MeerFly', 'malaysian hip hop', '2019', '87', '50', '85', '-12', '15', '68', '211', '66', '31', '65', 'malasya'),
(50, 'Hanya Rindu', 'Andmesh', 'indonesian pop', '2019', '179', '16', '28', '-12', '11', '20', '252', '89', '3', '65', 'malasya');
COMMIT;

/*!40101 SET CHARACTER_SET_CLIENT=@OLD_CHARACTER_SET_CLIENT */;
/*!40101 SET CHARACTER_SET_RESULTS=@OLD_CHARACTER_SET_RESULTS */;
/*!40101 SET COLLATION_CONNECTION=@OLD_COLLATION_CONNECTION */;
